pair_id,pair_role,article_id,title,views,earnings,earnings_per_1k_views,published_at,published_date,exposure_age_days,age_bucket,views_per_day,matched_with_article_id,views_ratio,rpm_delta_ratio,age_days_delta,like_rate,comment_rate,favorite_rate,evidence_status,url
PAIR-01,A_MATCHED_HIGH_PLAY,answer_2063268216005309342,为什么很多人，做到经理或总监，就再也上不去了？,6567,1611.0,245.32,发布于 07-22,2026-07-22,34,22_45D,193.15,answer_2061965818829739713,13.65,0.2034,4,0.0094,0.0009,0.0204,WEAK_MATCHED_CANDIDATE,https://www.zhihu.com/answer/2063268216005309342
PAIR-01,B_MATCHED_LOW_PLAY,answer_2061965818829739713,什么类型的人适合当领导？,481,94.0,195.43,发布于 07-18,2026-07-18,38,22_45D,12.66,answer_2063268216005309342,13.65,0.2034,4,0.0083,0.0,0.027,WEAK_MATCHED_CANDIDATE,https://www.zhihu.com/answer/2061965818829739713
PAIR-02,A_MATCHED_HIGH_PLAY,answer_2063019845868860854,基层工作现在的难点是什么？,1712,320.0,186.92,发布于 07-21,2026-07-21,35,22_45D,48.91,answer_2061118130731096014,3.36,0.0751,5,0.0239,0.0018,0.0134,WEAK_MATCHED_CANDIDATE,https://www.zhihu.com/answer/2063019845868860854
PAIR-02,B_MATCHED_LOW_PLAY,answer_2061118130731096014,领导提拔你的最根本的原因是什么？,509,88.0,172.89,发布于 07-16,2026-07-16,40,22_45D,12.72,answer_2063019845868860854,3.36,0.0751,5,0.0098,0.0,0.0157,WEAK_MATCHED_CANDIDATE,https://www.zhihu.com/answer/2061118130731096014
PAIR-03,A_MATCHED_HIGH_PLAY,answer_2062594251175810974,如何看待大力提拔选拔年轻干部?,820,33.0,40.24,发布于 07-20,2026-07-20,36,22_45D,22.78,answer_2062588572134289861,4.91,0.2533,0,0.0049,0.0,0.0061,WEAK_MATCHED_CANDIDATE,https://www.zhihu.com/answer/2062594251175810974
PAIR-03,B_MATCHED_LOW_PLAY,answer_2062588572134289861,基层为什么越来越累？,167,9.0,53.89,发布于 07-20,2026-07-20,36,22_45D,4.64,answer_2062594251175810974,4.91,0.2533,0,0.006,0.0,0.006,WEAK_MATCHED_CANDIDATE,https://www.zhihu.com/answer/2062588572134289861
PAIR-04,A_MATCHED_HIGH_PLAY,answer_2054353693386990646,什么样的员工容易被提拔为管理层？,1289,431.0,334.37,发布于 06-27,2026-06-27,59,46D_PLUS,21.85,answer_2053150670178595072,5.49,0.0074,3,0.0109,0.0,0.014,WEAK_MATCHED_CANDIDATE,https://www.zhihu.com/answer/2054353693386990646
PAIR-04,B_MATCHED_LOW_PLAY,answer_2053150670178595072,销售那么挣钱，为什么大家不愿意做销售？,235,78.0,331.91,发布于 06-24,2026-06-24,62,46D_PLUS,3.79,answer_2054353693386990646,5.49,0.0074,3,0.0213,0.0,0.034,WEAK_MATCHED_CANDIDATE,https://www.zhihu.com/answer/2053150670178595072
PAIR-05,A_MATCHED_HIGH_PLAY,answer_2056059209934959217,怎么判断一个单位已经烂透了?,962,217.0,225.57,发布于 07-02,2026-07-02,54,46D_PLUS,17.81,answer_2055788329006784796,2.19,0.0831,1,0.0125,0.001,0.0166,WEAK_MATCHED_CANDIDATE,https://www.zhihu.com/answer/2056059209934959217
PAIR-05,B_MATCHED_LOW_PLAY,answer_2055788329006784796,好领导一般都什么样？,440,91.0,206.82,发布于 07-01,2026-07-01,55,46D_PLUS,8.0,answer_2056059209934959217,2.19,0.0831,1,0.0159,0.0,0.0159,WEAK_MATCHED_CANDIDATE,https://www.zhihu.com/answer/2055788329006784796
PAIR-06,A_MATCHED_HIGH_PLAY,answer_2053140800012391180,中年失业出路在哪？,988,100.0,101.21,发布于 06-24,2026-06-24,62,46D_PLUS,15.94,answer_2053482385552021494,3.55,0.1208,1,0.0061,0.0,0.0142,WEAK_MATCHED_CANDIDATE,https://www.zhihu.com/answer/2053140800012391180
PAIR-06,B_MATCHED_LOW_PLAY,answer_2053482385552021494,为什么成功人士的精力都非常旺盛？,278,32.0,115.11,发布于 06-25,2026-06-25,61,46D_PLUS,4.56,answer_2053140800012391180,3.55,0.1208,1,0.0108,0.0,0.0072,WEAK_MATCHED_CANDIDATE,https://www.zhihu.com/answer/2053482385552021494
PAIR-07,A_MATCHED_HIGH_PLAY,answer_2053893528665823152,职场中的人才，到底是「选拔」出来的还是「培养」出来的？,796,420.0,527.64,发布于 06-26,2026-06-26,60,46D_PLUS,13.27,answer_2052166992531027845,2.53,0.4344,5,0.0176,0.0,0.0163,WEAK_MATCHED_CANDIDATE,https://www.zhihu.com/answer/2053893528665823152
PAIR-07,B_MATCHED_LOW_PLAY,answer_2052166992531027845,为什么现在的年轻人创业经常失败？,315,94.0,298.41,发布于 06-21,2026-06-21,65,46D_PLUS,4.85,answer_2053893528665823152,2.53,0.4344,5,0.0127,0.0,0.0317,WEAK_MATCHED_CANDIDATE,https://www.zhihu.com/answer/2052166992531027845
PAIR-08,A_MATCHED_HIGH_PLAY,answer_2057129843288957834,现在就业大环境怎么样？,594,61.0,102.69,发布于 07-05,2026-07-05,51,46D_PLUS,11.65,answer_2060382464640561232,2.06,0.1038,9,0.0084,0.0,0.0034,WEAK_MATCHED_CANDIDATE,https://www.zhihu.com/answer/2057129843288957834
PAIR-08,B_MATCHED_LOW_PLAY,answer_2060382464640561232,提拔人的底层逻辑是什么？,288,33.0,114.58,发布于 07-14,2026-07-14,42,22_45D,6.86,answer_2057129843288957834,2.06,0.1038,9,0.0069,0.0,0.0104,WEAK_MATCHED_CANDIDATE,https://www.zhihu.com/answer/2060382464640561232
PAIR-09,A_MATCHED_HIGH_PLAY,answer_2052522859554156734,普通人怎么才能实现财务自由？,553,102.0,184.45,发布于 06-22,2026-06-22,64,46D_PLUS,8.64,answer_2052435404134127226,3.23,0.0988,0,0.0127,0.0,0.0325,WEAK_MATCHED_CANDIDATE,https://www.zhihu.com/answer/2052522859554156734
PAIR-09,B_MATCHED_LOW_PLAY,answer_2052435404134127226,管理的本质是决策还是协调？,171,35.0,204.68,发布于 06-22,2026-06-22,64,46D_PLUS,2.67,answer_2052522859554156734,3.23,0.0988,0,0.0058,0.0,0.0351,WEAK_MATCHED_CANDIDATE,https://www.zhihu.com/answer/2052435404134127226
