pair_id,pair_role,article_id,title,baseline_views,baseline_reported_density,baseline_status,published_date,current_period_reads,current_period_salt,current_cumulative_reads,current_cumulative_salt,current_cumulative_reported_density,current_period_reported_density,current_window,match_status,source_file,annotation_status,fixed_age_checkpoint,notes
PAIR-01,A_MATCHED_HIGH_PLAY,answer_2063268216005309342,为什么很多人，做到经理或总监，就再也上不去了？,6567,245.32,WEAK_MATCHED_CANDIDATE,2026-07-22,1528,273,20636,4545,220.25,178.66,2026-09-09..2026-10-07,MATCH_BY_TITLE_DATE_TYPE,zhihu_knowledge_income_detail_20261008_20260909_20261007_browser.csv,PENDING,UNKNOWN,"Missing row is not zero. Density is descriptive, not stable RPM. Baseline content views and latest revenue reads are different sources; no cross-source delta."
PAIR-01,B_MATCHED_LOW_PLAY,answer_2061965818829739713,什么类型的人适合当领导？,481,195.43,WEAK_MATCHED_CANDIDATE,2026-07-18,UNKNOWN,UNKNOWN,UNKNOWN,UNKNOWN,UNKNOWN,UNKNOWN,2026-09-09..2026-10-07,NOT_IN_CURRENT_EXPORT,zhihu_knowledge_income_detail_20261008_20260909_20261007_browser.csv,PENDING,UNKNOWN,"Missing row is not zero. Density is descriptive, not stable RPM. Baseline content views and latest revenue reads are different sources; no cross-source delta."
PAIR-02,A_MATCHED_HIGH_PLAY,answer_2063019845868860854,基层工作现在的难点是什么？,1712,186.92,WEAK_MATCHED_CANDIDATE,2026-07-21,419,15,3685,701,190.23,35.8,2026-09-09..2026-10-07,MATCH_BY_TITLE_DATE_TYPE,zhihu_knowledge_income_detail_20261008_20260909_20261007_browser.csv,PENDING,UNKNOWN,"Missing row is not zero. Density is descriptive, not stable RPM. Baseline content views and latest revenue reads are different sources; no cross-source delta."
PAIR-02,B_MATCHED_LOW_PLAY,answer_2061118130731096014,领导提拔你的最根本的原因是什么？,509,172.89,WEAK_MATCHED_CANDIDATE,2026-07-16,68,10,673,126,187.22,147.06,2026-09-09..2026-10-07,MATCH_BY_TITLE_DATE_TYPE,zhihu_knowledge_income_detail_20261008_20260909_20261007_browser.csv,PENDING,UNKNOWN,"Missing row is not zero. Density is descriptive, not stable RPM. Baseline content views and latest revenue reads are different sources; no cross-source delta."
PAIR-03,A_MATCHED_HIGH_PLAY,answer_2062594251175810974,如何看待大力提拔选拔年轻干部?,820,40.24,WEAK_MATCHED_CANDIDATE,2026-07-20,63,9,1209,113,93.47,142.86,2026-09-09..2026-10-07,MATCH_BY_TITLE_DATE_TYPE,zhihu_knowledge_income_detail_20261008_20260909_20261007_browser.csv,PENDING,UNKNOWN,"Missing row is not zero. Density is descriptive, not stable RPM. Baseline content views and latest revenue reads are different sources; no cross-source delta."
PAIR-03,B_MATCHED_LOW_PLAY,answer_2062588572134289861,基层为什么越来越累？,167,53.89,WEAK_MATCHED_CANDIDATE,2026-07-20,UNKNOWN,UNKNOWN,UNKNOWN,UNKNOWN,UNKNOWN,UNKNOWN,2026-09-09..2026-10-07,NOT_IN_CURRENT_EXPORT,zhihu_knowledge_income_detail_20261008_20260909_20261007_browser.csv,PENDING,UNKNOWN,"Missing row is not zero. Density is descriptive, not stable RPM. Baseline content views and latest revenue reads are different sources; no cross-source delta."
PAIR-04,A_MATCHED_HIGH_PLAY,answer_2054353693386990646,什么样的员工容易被提拔为管理层？,1289,334.37,WEAK_MATCHED_CANDIDATE,2026-06-27,UNKNOWN,UNKNOWN,UNKNOWN,UNKNOWN,UNKNOWN,UNKNOWN,2026-09-09..2026-10-07,DATE_CONFLICT,zhihu_knowledge_income_detail_20261008_20260909_20261007_browser.csv,PENDING,UNKNOWN,"Missing row is not zero. Density is descriptive, not stable RPM. Baseline content views and latest revenue reads are different sources; no cross-source delta."
PAIR-04,B_MATCHED_LOW_PLAY,answer_2053150670178595072,销售那么挣钱，为什么大家不愿意做销售？,235,331.91,WEAK_MATCHED_CANDIDATE,2026-06-24,12,6,275,131,476.36,500.0,2026-09-09..2026-10-07,MATCH_BY_TITLE_DATE_TYPE,zhihu_knowledge_income_detail_20261008_20260909_20261007_browser.csv,PENDING,UNKNOWN,"Missing row is not zero. Density is descriptive, not stable RPM. Baseline content views and latest revenue reads are different sources; no cross-source delta."
PAIR-05,A_MATCHED_HIGH_PLAY,answer_2056059209934959217,怎么判断一个单位已经烂透了?,962,225.57,WEAK_MATCHED_CANDIDATE,2026-07-02,UNKNOWN,UNKNOWN,UNKNOWN,UNKNOWN,UNKNOWN,UNKNOWN,2026-09-09..2026-10-07,NOT_IN_CURRENT_EXPORT,zhihu_knowledge_income_detail_20261008_20260909_20261007_browser.csv,PENDING,UNKNOWN,"Missing row is not zero. Density is descriptive, not stable RPM. Baseline content views and latest revenue reads are different sources; no cross-source delta."
PAIR-05,B_MATCHED_LOW_PLAY,answer_2055788329006784796,好领导一般都什么样？,440,206.82,WEAK_MATCHED_CANDIDATE,2026-07-01,UNKNOWN,UNKNOWN,UNKNOWN,UNKNOWN,UNKNOWN,UNKNOWN,2026-09-09..2026-10-07,NOT_IN_CURRENT_EXPORT,zhihu_knowledge_income_detail_20261008_20260909_20261007_browser.csv,PENDING,UNKNOWN,"Missing row is not zero. Density is descriptive, not stable RPM. Baseline content views and latest revenue reads are different sources; no cross-source delta."
PAIR-06,A_MATCHED_HIGH_PLAY,answer_2053140800012391180,中年失业出路在哪？,988,101.21,WEAK_MATCHED_CANDIDATE,2026-06-24,70,2,1255,164,130.68,28.57,2026-09-09..2026-10-07,MATCH_BY_TITLE_DATE_TYPE,zhihu_knowledge_income_detail_20261008_20260909_20261007_browser.csv,PENDING,UNKNOWN,"Missing row is not zero. Density is descriptive, not stable RPM. Baseline content views and latest revenue reads are different sources; no cross-source delta."
PAIR-06,B_MATCHED_LOW_PLAY,answer_2053482385552021494,为什么成功人士的精力都非常旺盛？,278,115.11,WEAK_MATCHED_CANDIDATE,2026-06-25,UNKNOWN,UNKNOWN,UNKNOWN,UNKNOWN,UNKNOWN,UNKNOWN,2026-09-09..2026-10-07,NOT_IN_CURRENT_EXPORT,zhihu_knowledge_income_detail_20261008_20260909_20261007_browser.csv,PENDING,UNKNOWN,"Missing row is not zero. Density is descriptive, not stable RPM. Baseline content views and latest revenue reads are different sources; no cross-source delta."
PAIR-07,A_MATCHED_HIGH_PLAY,answer_2053893528665823152,职场中的人才，到底是「选拔」出来的还是「培养」出来的？,796,527.64,WEAK_MATCHED_CANDIDATE,2026-06-26,23,6,882,438,496.6,260.87,2026-09-09..2026-10-07,MATCH_BY_TITLE_DATE_TYPE,zhihu_knowledge_income_detail_20261008_20260909_20261007_browser.csv,PENDING,UNKNOWN,"Missing row is not zero. Density is descriptive, not stable RPM. Baseline content views and latest revenue reads are different sources; no cross-source delta."
PAIR-07,B_MATCHED_LOW_PLAY,answer_2052166992531027845,为什么现在的年轻人创业经常失败？,315,298.41,WEAK_MATCHED_CANDIDATE,2026-06-21,9,2,337,96,284.87,222.22,2026-09-09..2026-10-07,MATCH_BY_TITLE_DATE_TYPE,zhihu_knowledge_income_detail_20261008_20260909_20261007_browser.csv,PENDING,UNKNOWN,"Missing row is not zero. Density is descriptive, not stable RPM. Baseline content views and latest revenue reads are different sources; no cross-source delta."
PAIR-08,A_MATCHED_HIGH_PLAY,answer_2057129843288957834,现在就业大环境怎么样？,594,102.69,WEAK_MATCHED_CANDIDATE,2026-07-05,UNKNOWN,UNKNOWN,UNKNOWN,UNKNOWN,UNKNOWN,UNKNOWN,2026-09-09..2026-10-07,NOT_IN_CURRENT_EXPORT,zhihu_knowledge_income_detail_20261008_20260909_20261007_browser.csv,PENDING,UNKNOWN,"Missing row is not zero. Density is descriptive, not stable RPM. Baseline content views and latest revenue reads are different sources; no cross-source delta."
PAIR-08,B_MATCHED_LOW_PLAY,answer_2060382464640561232,提拔人的底层逻辑是什么？,288,114.58,WEAK_MATCHED_CANDIDATE,2026-07-14,UNKNOWN,UNKNOWN,UNKNOWN,UNKNOWN,UNKNOWN,UNKNOWN,2026-09-09..2026-10-07,NOT_IN_CURRENT_EXPORT,zhihu_knowledge_income_detail_20261008_20260909_20261007_browser.csv,PENDING,UNKNOWN,"Missing row is not zero. Density is descriptive, not stable RPM. Baseline content views and latest revenue reads are different sources; no cross-source delta."
PAIR-09,A_MATCHED_HIGH_PLAY,answer_2052522859554156734,普通人怎么才能实现财务自由？,553,184.45,WEAK_MATCHED_CANDIDATE,2026-06-22,UNKNOWN,UNKNOWN,UNKNOWN,UNKNOWN,UNKNOWN,UNKNOWN,2026-09-09..2026-10-07,NOT_IN_CURRENT_EXPORT,zhihu_knowledge_income_detail_20261008_20260909_20261007_browser.csv,PENDING,UNKNOWN,"Missing row is not zero. Density is descriptive, not stable RPM. Baseline content views and latest revenue reads are different sources; no cross-source delta."
PAIR-09,B_MATCHED_LOW_PLAY,answer_2052435404134127226,管理的本质是决策还是协调？,171,204.68,WEAK_MATCHED_CANDIDATE,2026-06-22,UNKNOWN,UNKNOWN,UNKNOWN,UNKNOWN,UNKNOWN,UNKNOWN,2026-09-09..2026-10-07,NOT_IN_CURRENT_EXPORT,zhihu_knowledge_income_detail_20261008_20260909_20261007_browser.csv,PENDING,UNKNOWN,"Missing row is not zero. Density is descriptive, not stable RPM. Baseline content views and latest revenue reads are different sources; no cross-source delta."
