source_file,revenue_window_start,revenue_window_end,observation_time,content_title,content_type,published_date,period_reads,period_revenue,cumulative_reads,cumulative_revenue,case_name,article_id,age_days_at_window_end,period_salt_per_1000_reported_reads,delta_cumulative_reads,delta_cumulative_salt,delta_basis,identity_evidence,fixed_age_checkpoint
zhihu_knowledge_income_detail_20260823_recent7_browser,2026-08-16,2026-08-23,2026-08-23T10:08:01,体制内，为什么领导一眼就能看出你是老实人？,回答,2026-08-18,2406,193,2406,193,老实人,answer_2073162526121107666,5,80.22,UNKNOWN,UNKNOWN,SAME_SOURCE_CUMULATIVE_NOT_FIXED_AGE_WINDOW,TITLE_DATE_TYPE_MATCH_CASE_LINK,UNKNOWN
zhihu_knowledge_income_detail_20260830_recent7_browser,2026-08-23,2026-08-29,2026-08-30T11:10:21+03:00,体制内，为什么领导一眼就能看出你是老实人？,回答,2026-08-18,1305,72,3711,265,老实人,answer_2073162526121107666,11,55.17,1305,72,SAME_SOURCE_CUMULATIVE_NOT_FIXED_AGE_WINDOW,TITLE_DATE_TYPE_MATCH_CASE_LINK,UNKNOWN
zhihu_knowledge_income_detail_20260903_recent7_browser,2026-08-27,2026-09-02,2026-09-03T15:48:39+03:00,体制内，为什么领导一眼就能看出你是老实人？,回答,2026-08-18,10855,520,14238,773,老实人,answer_2073162526121107666,15,47.9,10527,508,SAME_SOURCE_CUMULATIVE_NOT_FIXED_AGE_WINDOW,TITLE_DATE_TYPE_MATCH_CASE_LINK,UNKNOWN
zhihu_knowledge_income_detail_20260910_recent7_browser,2026-09-03,2026-09-09,2026-09-10T15:48:00+03:00,体制内，为什么领导一眼就能看出你是老实人？,回答,2026-08-18,6673,710,20911,1483,老实人,answer_2073162526121107666,22,106.4,6673,710,SAME_SOURCE_CUMULATIVE_NOT_FIXED_AGE_WINDOW,TITLE_DATE_TYPE_MATCH_CASE_LINK,UNKNOWN
zhihu_knowledge_income_detail_20260914_recent30_browser,2026-08-16,2026-09-14,2026-09-14T18:10:00+03:00,体制内，为什么领导一眼就能看出你是老实人？,回答,2026-08-18,22843,1644,22843,1644,老实人,answer_2073162526121107666,27,71.97,1932,161,SAME_SOURCE_CUMULATIVE_NOT_FIXED_AGE_WINDOW,TITLE_DATE_TYPE_MATCH_CASE_LINK,UNKNOWN
zhihu_knowledge_income_detail_20261008_20260909_20261007_browser.csv,2026-09-09,2026-10-07,2026-10-08T22:38:46+03:00,体制内，为什么领导一眼就能看出你是老实人？,回答,2026-08-18,13061,983,33069,2312,老实人,answer_2073162526121107666,50,75.26,10226,668,SAME_SOURCE_CUMULATIVE_NOT_FIXED_AGE_WINDOW,TITLE_DATE_TYPE_MATCH_CASE_LINK,UNKNOWN
zhihu_knowledge_income_detail_20260823_recent7_browser,2026-08-16,2026-08-23,2026-08-23T10:08:01,什么性格的人适合当领导？,回答,2026-08-18,1967,189,1967,189,性格适合领导,answer_2073175555583877483,5,96.09,UNKNOWN,UNKNOWN,SAME_SOURCE_CUMULATIVE_NOT_FIXED_AGE_WINDOW,TITLE_DATE_TYPE_MATCH_CASE_LINK,UNKNOWN
zhihu_knowledge_income_detail_20260830_recent7_browser,2026-08-23,2026-08-29,2026-08-30T11:10:21+03:00,什么性格的人适合当领导？,回答,2026-08-18,1852,268,3819,457,性格适合领导,answer_2073175555583877483,11,144.71,1852,268,SAME_SOURCE_CUMULATIVE_NOT_FIXED_AGE_WINDOW,TITLE_DATE_TYPE_MATCH_CASE_LINK,UNKNOWN
zhihu_knowledge_income_detail_20260903_recent7_browser,2026-08-27,2026-09-02,2026-09-03T15:48:39+03:00,什么性格的人适合当领导？,回答,2026-08-18,1492,243,4668,614,性格适合领导,answer_2073175555583877483,15,162.87,849,157,SAME_SOURCE_CUMULATIVE_NOT_FIXED_AGE_WINDOW,TITLE_DATE_TYPE_MATCH_CASE_LINK,UNKNOWN
zhihu_knowledge_income_detail_20260910_recent7_browser,2026-09-03,2026-09-09,2026-09-10T15:48:00+03:00,什么性格的人适合当领导？,回答,2026-08-18,1591,594,6259,1208,性格适合领导,answer_2073175555583877483,22,373.35,1591,594,SAME_SOURCE_CUMULATIVE_NOT_FIXED_AGE_WINDOW,TITLE_DATE_TYPE_MATCH_CASE_LINK,UNKNOWN
zhihu_knowledge_income_detail_20260914_recent30_browser,2026-08-16,2026-09-14,2026-09-14T18:10:00+03:00,什么性格的人适合当领导？,回答,2026-08-18,7615,1774,7615,1774,性格适合领导,answer_2073175555583877483,27,232.96,1356,566,SAME_SOURCE_CUMULATIVE_NOT_FIXED_AGE_WINDOW,TITLE_DATE_TYPE_MATCH_CASE_LINK,UNKNOWN
zhihu_knowledge_income_detail_20261008_20260909_20261007_browser.csv,2026-09-09,2026-10-07,2026-10-08T22:38:46+03:00,什么性格的人适合当领导？,回答,2026-08-18,4719,1220,10768,2378,性格适合领导,answer_2073175555583877483,50,258.53,3153,604,SAME_SOURCE_CUMULATIVE_NOT_FIXED_AGE_WINDOW,TITLE_DATE_TYPE_MATCH_CASE_LINK,UNKNOWN
zhihu_knowledge_income_detail_20260830_recent7_browser,2026-08-23,2026-08-29,2026-08-30T11:10:21+03:00,为什么领导的心腹很少有异性？,回答,2026-08-25,1064,88,1064,88,心腹异性,answer_2075615517361161807,4,82.71,UNKNOWN,UNKNOWN,SAME_SOURCE_CUMULATIVE_NOT_FIXED_AGE_WINDOW,TITLE_DATE_TYPE_MATCH_CASE_LINK,UNKNOWN
zhihu_knowledge_income_detail_20260903_recent7_browser,2026-08-27,2026-09-02,2026-09-03T15:48:39+03:00,为什么领导的心腹很少有异性？,回答,2026-08-25,421,28,1166,96,心腹异性,answer_2075615517361161807,8,66.51,102,8,SAME_SOURCE_CUMULATIVE_NOT_FIXED_AGE_WINDOW,TITLE_DATE_TYPE_MATCH_CASE_LINK,UNKNOWN
zhihu_knowledge_income_detail_20260910_recent7_browser,2026-09-03,2026-09-09,2026-09-10T15:48:00+03:00,为什么领导的心腹很少有异性？,回答,2026-08-25,60,4,1226,100,心腹异性,answer_2075615517361161807,15,66.67,60,4,SAME_SOURCE_CUMULATIVE_NOT_FIXED_AGE_WINDOW,TITLE_DATE_TYPE_MATCH_CASE_LINK,UNKNOWN
zhihu_knowledge_income_detail_20260914_recent30_browser,2026-08-16,2026-09-14,2026-09-14T18:10:00+03:00,为什么领导的心腹很少有异性？,回答,2026-08-25,1253,100,1253,100,心腹异性,answer_2075615517361161807,20,79.81,27,0,SAME_SOURCE_CUMULATIVE_NOT_FIXED_AGE_WINDOW,TITLE_DATE_TYPE_MATCH_CASE_LINK,UNKNOWN
zhihu_knowledge_income_detail_20261008_20260909_20261007_browser.csv,2026-09-09,2026-10-07,2026-10-08T22:38:46+03:00,为什么领导的心腹很少有异性？,回答,2026-08-25,147,12,1364,112,心腹异性,answer_2075615517361161807,43,81.63,111,12,SAME_SOURCE_CUMULATIVE_NOT_FIXED_AGE_WINDOW,TITLE_DATE_TYPE_MATCH_CASE_LINK,UNKNOWN
zhihu_knowledge_income_detail_20260830_recent7_browser,2026-08-23,2026-08-29,2026-08-30T11:10:21+03:00,劳务派遣以后是否会占据主流？,回答,2026-08-25,640,55,640,55,劳务派遣,answer_2075620088980444389,4,85.94,UNKNOWN,UNKNOWN,SAME_SOURCE_CUMULATIVE_NOT_FIXED_AGE_WINDOW,TITLE_DATE_TYPE_MATCH_CASE_LINK,UNKNOWN
zhihu_knowledge_income_detail_20260903_recent7_browser,2026-08-27,2026-09-02,2026-09-03T15:48:39+03:00,劳务派遣以后是否会占据主流？,回答,2026-08-25,214,16,733,63,劳务派遣,answer_2075620088980444389,8,74.77,93,8,SAME_SOURCE_CUMULATIVE_NOT_FIXED_AGE_WINDOW,TITLE_DATE_TYPE_MATCH_CASE_LINK,UNKNOWN
zhihu_knowledge_income_detail_20260914_recent30_browser,2026-08-16,2026-09-14,2026-09-14T18:10:00+03:00,劳务派遣以后是否会占据主流？,回答,2026-08-25,797,63,797,63,劳务派遣,answer_2075620088980444389,20,79.05,64,0,SAME_SOURCE_CUMULATIVE_NOT_FIXED_AGE_WINDOW,TITLE_DATE_TYPE_MATCH_CASE_LINK,UNKNOWN
zhihu_knowledge_income_detail_20261008_20260909_20261007_browser.csv,2026-09-09,2026-10-07,2026-10-08T22:38:46+03:00,劳务派遣以后是否会占据主流？,回答,2026-08-25,79,15,845,78,劳务派遣,answer_2075620088980444389,43,189.87,48,15,SAME_SOURCE_CUMULATIVE_NOT_FIXED_AGE_WINDOW,TITLE_DATE_TYPE_MATCH_CASE_LINK,UNKNOWN
zhihu_income_export.xlsx,2026-08-04,2026-08-10,2026-08-11T20:44:21,为什么很多人，做到经理或总监，就再也上不去了？,回答,2026-07-22,1526,407,10830,2684,经理总监,answer_2063268216005309342,19,266.71,UNKNOWN,UNKNOWN,SAME_SOURCE_CUMULATIVE_NOT_FIXED_AGE_WINDOW,TITLE_DATE_TYPE_MATCH_CASE_LINK,UNKNOWN
zhihu_income_export_30d.csv,2026-07-12,2026-08-10,2026-08-11T20:45:21,为什么很多人，做到经理或总监，就再也上不去了？,回答,2026-07-22,10830,2684,10830,2684,经理总监,answer_2063268216005309342,19,247.83,0,0,SAME_SOURCE_CUMULATIVE_NOT_FIXED_AGE_WINDOW,TITLE_DATE_TYPE_MATCH_CASE_LINK,UNKNOWN
zhihu_income_export_2026-07-01_2026-07-30.csv,2026-07-01,2026-07-30,2026-08-11T20:58:21,为什么很多人，做到经理或总监，就再也上不去了？,回答,2026-07-22,8136,1942,10830,2684,经理总监,answer_2063268216005309342,8,238.69,0,0,SAME_SOURCE_CUMULATIVE_NOT_FIXED_AGE_WINDOW,TITLE_DATE_TYPE_MATCH_CASE_LINK,UNKNOWN
zhihu_knowledge_income_detail_20260823_recent7_browser,2026-08-16,2026-08-23,2026-08-23T10:08:01,为什么很多人，做到经理或总监，就再也上不去了？,回答,2026-07-22,2361,492,16412,3839,经理总监,answer_2063268216005309342,32,208.39,5582,1155,SAME_SOURCE_CUMULATIVE_NOT_FIXED_AGE_WINDOW,TITLE_DATE_TYPE_MATCH_CASE_LINK,UNKNOWN
zhihu_knowledge_income_detail_20260830_recent7_browser,2026-08-23,2026-08-29,2026-08-30T11:10:21+03:00,为什么很多人，做到经理或总监，就再也上不去了？,回答,2026-07-22,1573,333,17985,4172,经理总监,answer_2063268216005309342,38,211.7,1573,333,SAME_SOURCE_CUMULATIVE_NOT_FIXED_AGE_WINDOW,TITLE_DATE_TYPE_MATCH_CASE_LINK,UNKNOWN
zhihu_knowledge_income_detail_20260903_recent7_browser,2026-08-27,2026-09-02,2026-09-03T15:48:39+03:00,为什么很多人，做到经理或总监，就再也上不去了？,回答,2026-07-22,1296,239,18542,4224,经理总监,answer_2063268216005309342,42,184.41,557,52,SAME_SOURCE_CUMULATIVE_NOT_FIXED_AGE_WINDOW,TITLE_DATE_TYPE_MATCH_CASE_LINK,UNKNOWN
zhihu_knowledge_income_detail_20260910_recent7_browser,2026-09-03,2026-09-09,2026-09-10T15:48:00+03:00,为什么很多人，做到经理或总监，就再也上不去了？,回答,2026-07-22,660,74,19202,4298,经理总监,answer_2063268216005309342,49,112.12,660,74,SAME_SOURCE_CUMULATIVE_NOT_FIXED_AGE_WINDOW,TITLE_DATE_TYPE_MATCH_CASE_LINK,UNKNOWN
zhihu_knowledge_income_detail_20260914_recent30_browser,2026-08-16,2026-09-14,2026-09-14T18:10:00+03:00,为什么很多人，做到经理或总监，就再也上不去了？,回答,2026-07-22,5635,1040,19563,4354,经理总监,answer_2063268216005309342,54,184.56,361,56,SAME_SOURCE_CUMULATIVE_NOT_FIXED_AGE_WINDOW,TITLE_DATE_TYPE_MATCH_CASE_LINK,UNKNOWN
zhihu_knowledge_income_detail_20261008_20260909_20261007_browser.csv,2026-09-09,2026-10-07,2026-10-08T22:38:46+03:00,为什么很多人，做到经理或总监，就再也上不去了？,回答,2026-07-22,1528,273,20636,4545,经理总监,answer_2063268216005309342,77,178.66,1073,191,SAME_SOURCE_CUMULATIVE_NOT_FIXED_AGE_WINDOW,TITLE_DATE_TYPE_MATCH_CASE_LINK,UNKNOWN
zhihu_knowledge_income_detail_20260910_recent7_browser,2026-09-03,2026-09-09,2026-09-10T15:48:00+03:00,第一次带团队，总感觉下属不听话怎么办？,回答,2026-09-05,57,73,98,73,第一次带团队,answer_2079600004604354925,4,1280.7,UNKNOWN,UNKNOWN,SAME_SOURCE_CUMULATIVE_NOT_FIXED_AGE_WINDOW,TITLE_DATE_TYPE_MATCH_CASE_LINK,UNKNOWN
zhihu_knowledge_income_detail_20260914_recent30_browser,2026-08-16,2026-09-14,2026-09-14T18:10:00+03:00,第一次带团队，总感觉下属不听话怎么办？,回答,2026-09-05,70,73,111,73,第一次带团队,answer_2079600004604354925,9,1042.86,13,0,SAME_SOURCE_CUMULATIVE_NOT_FIXED_AGE_WINDOW,TITLE_DATE_TYPE_MATCH_CASE_LINK,UNKNOWN
zhihu_knowledge_income_detail_20260910_recent7_browser,2026-09-03,2026-09-09,2026-09-10T15:48:00+03:00,如何判断一个人是否有领导能力？,回答,2026-09-05,770,63,770,63,领导能力新答,answer_2079612017883856957,4,81.82,UNKNOWN,UNKNOWN,SAME_SOURCE_CUMULATIVE_NOT_FIXED_AGE_WINDOW,TITLE_DATE_TYPE_MATCH_CASE_LINK,UNKNOWN
zhihu_knowledge_income_detail_20260914_recent30_browser,2026-08-16,2026-09-14,2026-09-14T18:10:00+03:00,如何判断一个人是否有领导能力？,回答,2026-09-05,967,87,967,87,领导能力新答,answer_2079612017883856957,9,89.97,197,24,SAME_SOURCE_CUMULATIVE_NOT_FIXED_AGE_WINDOW,TITLE_DATE_TYPE_MATCH_CASE_LINK,UNKNOWN
zhihu_knowledge_income_detail_20261008_20260909_20261007_browser.csv,2026-09-09,2026-10-07,2026-10-08T22:38:46+03:00,如何判断一个人是否有领导能力？,回答,2026-09-05,803,174,1482,229,领导能力新答,answer_2079612017883856957,32,216.69,515,142,SAME_SOURCE_CUMULATIVE_NOT_FIXED_AGE_WINDOW,TITLE_DATE_TYPE_MATCH_CASE_LINK,UNKNOWN
