内容,内容类型,内容发布时间,本期阅读/观看量,本期收益,累计阅读/观看量,累计收益
你能接受老板只是将你当成了一个「工具人」，而不是有感情的对待你吗？,回答,2026-06-29,53,37,87,71
为什么一个部门换领导后往往都容易面临整个部门大换血啊？,回答,2026-06-29,492,37,855,87
刚上任的管理者，接手了一支人心涣散的团队，该怎样破局？,回答,2026-06-28,191,68,241,68
到底是工作需要我，还是我需要工作？,回答,2026-06-28,35,21,51,21
什么样的员工容易被提拔为管理层？,回答,2026-06-28,541,83,1428,460
领导总说“年轻人不要太计较工资，要先成长”，这句话到底是善意提醒，还是职场 PUA？,回答,2026-06-27,100,26,131,26
作为管理者，有哪些事情不能对员工讲？,回答,2026-06-27,389,43,976,531
公司不景气，进行大裁员后，老板却提拔你，让你留下与公司共患难，许诺经营转好后分你股份，你会留下来吗？,回答,2026-06-27,74,16,83,16
职场中的人才，到底是「选拔」出来的还是「培养」出来的？,回答,2026-06-26,353,251,827,426
为什么你的建议明明是「对」的，但是老板就是不听？,回答,2026-06-26,81,58,85,58
为什么很多人学习了大量的商业知识，别人的成功方法，成功案例，但是自己却还是失败的？,回答,2026-06-26,52,53,86,62
为什么成功人士的精力都非常旺盛？,回答,2026-06-25,263,32,281,32
在知乎上泡这么久，工作、生活、工资还是没有起色是什么原因？,回答,2026-06-24,217,138,254,150
如果哪天你失业了，到处都找不到工作你该怎么办？,回答,2026-06-24,416,60,934,97
销售那么挣钱，为什么大家不愿意做销售？,回答,2026-06-24,100,56,244,119
什么事情是你当了老板才知道的？,回答,2026-06-24,33169,12647,46045,17587
中年失业出路在哪？,回答,2026-06-24,682,63,1101,143
如果读书不能改变阶层，我们努力的意义到底是什么？,回答,2026-06-23,38,16,48,16
普通人怎么才能实现财务自由？,回答,2026-06-22,177,33,676,119
管理的本质是决策还是协调？,回答,2026-06-22,163,35,178,35
什么时候才会实现财富自由？,回答,2026-06-22,385,12,445,12
为什么有的人完全不懂技术，却可以做到管理层？,回答,2026-06-22,144,32,146,32
为什么现在的年轻人创业经常失败？,回答,2026-06-21,296,94,318,94
