content_title,content_type,published_date,period_reads,period_interactions,period_revenue,cumulative_reads,cumulative_interactions,cumulative_revenue
劳务派遣以后是否会占据主流？,回答,2026-08-25,214,3,16,733,14,63
为什么领导的心腹很少有异性？,回答,2026-08-25,421,5,28,1166,16,96
既为心腹，为什么反而会被领导批得最多、最狠？,回答,2026-08-23,77,3,25,488,13,55
为什么很多年轻人在职场中渴望融洽的同事关系，却越来越倾向于远离群体活动？这种现象背后反映了什么？,回答,2026-08-22,5,2,13,34,3,13
为什么大领导看人都很准呢？,回答,2026-08-19,43,1,8,472,10,62
什么性格的人适合当领导？,回答,2026-08-18,1492,27,243,4668,88,614
体制内，为什么领导一眼就能看出你是老实人？,回答,2026-08-18,10855,81,520,14238,134,773
为什么职场上会出现提拔一批，躺平一批？,回答,2026-08-18,138,3,12,1205,15,76
为什么有的领导身边能吸引很多人才，而有的领导却留不住核心骨干？,回答,2026-08-17,62,1,8,1522,28,185
何一最被低估的能力是什么：营销、产品、管理还是识人？,回答,2026-07-24,56,1,3,109,4,11
为什么公司中层培养这么困难？培养中层的最大障碍到底是什么？,回答,2026-07-22,68,1,3,2169,50,326
为什么很多人，做到经理或总监，就再也上不去了？,回答,2026-07-22,1296,43,239,18542,600,4224
和领导相处有哪些红线不能碰？,回答,2026-07-22,47,1,6,930,20,157
基层工作现在的难点是什么？,回答,2026-07-21,78,2,10,3201,114,686
如何看待大力提拔选拔年轻干部?,回答,2026-07-20,71,0,6,1134,16,104
为什么中建这种大央企也会发不出工资？,回答,2026-07-02,8,1,3,581,13,67
你是怎么发现职场都是一个草台班子的？？,回答,2026-07-02,2,1,6,319,9,68
什么事情是你当了老板才知道的？,回答,2026-06-24,410,15,63,47678,2373,17953
中年失业出路在哪？,回答,2026-06-24,18,1,3,1164,24,156
