article_id	title	published_display	views	likes	comments	favorites	thanks
answer_2091605539537032860	第一次带团队后，发现自己越负责大家越不主动，该怎么调整领导方式？	发布于 10-08 14:07	89	1	0	0	0
answer_2090881322340324945	自己带的团队里面的核心成员起冲突了怎么办?	发布于 10-06 14:09	233	2	0	1	0
answer_2090878739697739692	领导表示非常看重你，你会怎么样？	发布于 10-06 13:58	110	0	0	0	1
answer_2090160833322037819	42岁，资深码农，失业了，求指导？	发布于 10-04 14:26	1351	6	2	8	0
answer_2090158335320405439	发现职场是个「草台班子」后，我该怎么做？	发布于 10-04 14:16	54	2	0	2	0
answer_2090156429357355355	因为工作不到位，我批评了下属，下属甩脸子不搭理我，我该怎么处理她？	发布于 10-04 14:08	619	4	0	4	0
answer_2090155270294986797	两个领导斗法都拉拢我该保持中立还是选一边 ？	发布于 10-04 14:04	193	3	0	2	0
answer_2090153564316382041	什么信号出现，就该果断选择跳槽？	发布于 10-04 13:57	960	3	1	8	0
article_2089746693268959846	AI真正改变的可能不是“知识行业”。而是商业社会长期存在的一种定价逻辑：知识行业不是简单地从“人工”升级成“AI+人工”，而是整个 （价值链）正在后移。	发布于 10-03 11:02	1	0	0	0	0
answer_2089745414027220719	互联网已经将绝大部分信息差抹除了，知识已经随处可以获得，为何大部分人依旧无法获得大幅突破？	发布于 10-03 10:55	26	1	0	2	0
answer_2089743353147610645	真的很好奇，现在基本没有35+的工作机会了，失业了的35+人群都去哪里挣钱了？	发布于 10-03 10:47	1979	12	2	9	0
answer_2089739305149375871	年薪60+万，一手提拔我的领导跟公司大老板有分歧，要我辞职跟他去创业，我该怎么办？	发布于 10-03 10:31	96	0	1	0	0
answer_2089738078135108851	为什么说好团队是带出来的，不是管出来的？	发布于 10-03 10:26	193	0	0	3	0
answer_2089737322191499821	作为一名中层领导，赏罚分明得人心，还是对人不对事，和稀泥得人心？	发布于 10-03 10:23	84	1	0	0	0
answer_2089430926573025115	40岁体制内中年突然被剥夺所有业务并被边缘化，请问如何调整心态?	发布于 10-02 14:05	218	2	0	3	0
answer_2089427499579191445	为什么绝大多数人的经验分享都是无效的？	发布于 10-02 13:52	33	1	0	2	0
answer_2089419743648391887	第一次带团队，成员做得没我快时，到底该不该自己上手？	发布于 10-02 13:21	57	0	0	1	0
article_2088685312776069435	很多商业竞争，根本不存在所谓的“统一赢法”。	发布于 09-30 12:43	28	1	0	0	0
answer_2088661039365805689	公司开会，老总宣布公司要精简人员，提高工作效率，结果大家上班开始摸鱼，项目拖延，这到底是为什么？	发布于 09-30 11:06	531	2	0	3	0
answer_2088659091669397557	明明承担了更多杂活，绩效却不如会展示成果的同事，该怎么调整？	发布于 09-30 10:58	55	1	0	0	0
pin_2084271032089814541	表示赞同 徽章佩戴留念，期待在知乎继续前行，探索无尽可能。	发布于 09-18 08:22	112	0	0	UNKNOWN	0
answer_2082866756780024365	如何判断自己是不是当领导的那块料？	发布于 09-14 11:22	212	1	0	0	0
answer_2082863170411090086	主管让我带徒弟顶替我，下一步该怎么做？	发布于 09-14 11:07	85	1	0	0	0
answer_2079612017883856957	如何判断一个人是否有领导能力？	发布于 09-05 11:49	1488	16	1	26	0
answer_2079605636388726499	不走关系，不巴结领导，不讨好同事，只是认真做好工作，能得到提拔吗？	发布于 09-05 11:23	29	1	0	0	0
answer_2079600004604354925	第一次带团队，总感觉下属不听话怎么办？	发布于 09-05 11:01	131	2	0	7	0
answer_2079598764940174512	如果经济条件允许，你会不工作吗？	发布于 09-05 10:56	22	2	0	0	0
