blind_id,title,question_text,answer_text,text_source_status,text_source_path,audience_scope,audience_scope_evidence,conflict_strength,conflict_strength_evidence,emotional_charge,emotional_charge_evidence,first_sentence_judgment,first_sentence_evidence,first_100_interest_conflict,first_100_evidence,annotation_status,notes
BLIND-D148A43B12,为什么很多人，做到经理或总监，就再也上不去了？,为什么很多人，做到经理或总监，就再也上不去了？,"首屏：
收录于 · 工作、钱与选择权 因为从经理往上走，组织考察的已经不是“你能不能把事情做好”。 组织愿不愿意把一部分资源、权力和风险交给你。 很多人以为，职场晋升是一条连续的阶梯：

结构：
1. 很多人以为，职场晋升是一条连续的阶梯：
2. 员工做得好，升主管；
3. 所以，很多人并不是能力不够，而是他过去赖以成功的那套能力，走到经理、总监这个位置以后，突然失效了。
4. 第一层真相：经理是奖励，更高职位是一场押注
5. 公司真正考虑的是：
6. 第二层真相：你在当前位置太有价值，也可能成为晋升障碍

结尾：
谁有权分配补给； 出现意外时，谁来承担整支队伍的结果。 从经理开始，你面对的就不再只是工作。 而是组织如何分配权力。",HISTORICAL_SNAPSHOT,l2_variable_records.md,,PENDING,,PENDING,,PENDING,,PENDING,,PENDING,PENDING,Blind text-derived annotation only; do not use performance data while coding. Do not code first sentence or first 100 chars when answer_text is empty.
BLIND-C39585FB98,什么类型的人适合当领导？,什么类型的人适合当领导？,很多人以为，领导最大的价值是能力最强、业务最好、最会干活。但现实中你会发现，很多业务能力一般的人当了领导，而一些公认的业务骨干，却一直只是骨干。原因不是组织看走了眼，而是很多人从一开始就理解错了领导这个岗位。领导不是一个奖励，而是一种岗位。岗位存在的唯一意义，就是解决组织的问题。如果一个人只能把自己的工作做好，他是优秀员工；如果一个人能够让十个人一起把事情做好，他才开始具备领导价值。这也是为什么很多技术高手、销售冠军，升职以后反而干得很痛苦。因为过去组织考核的是：“你能创造多少价值。”成为领导以后，组织考核变成了：“你能让多少人持续创造价值。”这是两套完全不同的能力。真正适合当领导的人，通常都有几个共同特点。第一，能做决策。组织每天都会遇到信息不完整、资源有限、意见冲突的情况。如果所有事情都,CURRENT_ONLY_ENTRY_FRAGMENT,data/exp008_blind_sources/BLIND-C39585FB98_20261008.txt,,PENDING,,PENDING,,PENDING,,PENDING,,PENDING,PENDING,"First 350 rendered characters only, collected 2026-10-08. Publish-time version UNKNOWN. Do not score whole-body conflict/emotional charge from this fragment. Unexposed independent reviewer required; no performance fields in blind input."
BLIND-99E1891D06,基层工作现在的难点是什么？,基层工作现在的难点是什么？,"首屏：
很多人觉得，现在基层越来越难，是因为事情越来越多。 其实不是。 基层真正的难点，不是工作变多了， 而是越来越多原本应该由组织解决的问题，最后都压到了基层。

结构：
1. 很多人觉得，现在基层越来越难，是因为事情越来越多。
2. 基层真正的难点，不是工作变多了，
3. 以前基层负责执行，现在基层还要负责解释、协调、背锅、安抚情绪，甚至替别人承担决策的后果。
4. 一个组织效率高不高，不是看基层有多努力，而是看问题停留在哪一层。
5. 最后所有成本都会落到离客户最近、离领导最远的人身上。
6. 最后真正想办法的人，还是基层。

结尾：
基层越来越难，不是因为基层越来越差，而是越来越多组织无法解决的问题，最终都会沉到基层。 基层不是在完成工作。 很多时候，是在消化整个系统运行产生的成本。 你觉得现在基层最难的是工作越来越多，还是越来越多”不属于自己的问题”也要自己解决？",HISTORICAL_SNAPSHOT,l2_variable_records.md,,PENDING,,PENDING,,PENDING,,PENDING,,PENDING,PENDING,Blind text-derived annotation only; do not use performance data while coding. Do not code first sentence or first 100 chars when answer_text is empty.
BLIND-1DA8A95CAB,领导提拔你的最根本的原因是什么？,领导提拔你的最根本的原因是什么？,很多人以为领导提拔的是能力。真正当过管理者以后才发现：能力只是门票，放心，才是决定因素。因为领导提拔一个人，本质上不是奖励过去，而是在购买未来。他不是在想：这个人以前做得怎么样？而是在想：如果把资源、客户、预算、团队交给他，会不会出问题？很多员工最大的误解就是：只要我能力最强，结果最好，迟早会被提拔。现实往往不是这样。因为领导提拔一个人，通常会看五件事。第一，结果是否稳定，而不是偶尔优秀。很多人一年做出一次成绩。但管理岗位需要的是：连续三年不出大问题。对于组织来说：稳定创造80分价值的人，往往比偶尔创造100分、偶尔制造20分事故的人更值钱。第二，能不能让领导省心。很多人把省心理解成听话。其实不是。真正的省心是：有问题提前汇报；有风险提前预警；有方案再提问题；出问题先解决，再解释。领导最怕的,CURRENT_ONLY_ENTRY_FRAGMENT,data/exp008_blind_sources/BLIND-1DA8A95CAB_20261008.txt,,PENDING,,PENDING,,PENDING,,PENDING,,PENDING,PENDING,"First 350 rendered characters only, collected 2026-10-08. Publish-time version UNKNOWN. Do not score whole-body conflict/emotional charge from this fragment. Unexposed independent reviewer required; no performance fields in blind input."
BLIND-9028D7A46E,如何看待大力提拔选拔年轻干部?,如何看待大力提拔选拔年轻干部?,,TEXT_MISSING,,,PENDING,,PENDING,,PENDING,,PENDING,,PENDING,PENDING,Blind text-derived annotation only; do not use performance data while coding. Do not code first sentence or first 100 chars when answer_text is empty.
BLIND-1AC2A85247,基层为什么越来越累？,基层为什么越来越累？,,TEXT_MISSING,,,PENDING,,PENDING,,PENDING,,PENDING,,PENDING,PENDING,Blind text-derived annotation only; do not use performance data while coding. Do not code first sentence or first 100 chars when answer_text is empty.
BLIND-27BD0516B2,什么样的员工容易被提拔为管理层？,什么样的员工容易被提拔为管理层？,"首屏：
很多员工升不上去，不是因为老板不知道你能干。 而是因为老板只敢把任务交给你，不敢把结果交给你。 这就是普通员工和管理层之间最大的差别。 普通员工完成任务。

结构：
1. 这就是普通员工和管理层之间最大的差别。
2. 管理者承担结果。
3. 很多人以为，自己工作能力强、干活多、加班多、态度好，就应该被提拔。
4. 这就是很多员工最难接受的地方。
5. 所以公司不会因为你辛苦，就一定提拔你。
6. 公司也不会因为你技术强，就一定提拔你。

结尾：
职场里真正的分水岭，不是会不会干活。 而是你到底只能完成任务，还是能承担结果。 只能完成任务的人，是骨干。 能承担结果的人，才开始接近管理层。",HISTORICAL_SNAPSHOT,l2_variable_records.md,,PENDING,,PENDING,,PENDING,,PENDING,,PENDING,PENDING,Blind text-derived annotation only; do not use performance data while coding. Do not code first sentence or first 100 chars when answer_text is empty.
BLIND-9A47A7E6E7,销售那么挣钱，为什么大家不愿意做销售？,销售那么挣钱，为什么大家不愿意做销售？,因为销售赚的不是简单的钱。赚的是被拒绝的钱。是被误解的钱。是承担不确定性的钱。很多人只看到销售收入高，却没看到销售的心理成本也很高。普通工作，更多是完成任务。销售不是。销售每天面对的是：客户不回你。客户敷衍你。客户嫌你烦。客户说考虑一下。客户比价。客户拖延。客户临门一脚又变卦。你花了很多时间，最后可能一分钱没有。这就是销售最难的地方。它不是没有门槛。而是门槛不在学历上，而在人性上。很多人不愿意做销售，不是因为销售不好。而是因为销售会直接暴露一个人最害怕的东西：被拒绝。被否定。被看不起。被比较。被客户掌控节奏。你去做行政、运营、技术、文职，至少每天有固定任务。做完了，就算完成工作。但销售不一样。你忙了一天，没成交，结果就是零。你聊了十个客户，没人付款，结果还是零。销售不会因为你努力，就自动给你,CURRENT_ONLY_ENTRY_FRAGMENT,data/exp008_blind_sources/BLIND-9A47A7E6E7_20261008.txt,,PENDING,,PENDING,,PENDING,,PENDING,,PENDING,PENDING,"First 350 rendered characters only, collected 2026-10-08. Publish-time version UNKNOWN. Do not score whole-body conflict/emotional charge from this fragment. Unexposed independent reviewer required; no performance fields in blind input."
BLIND-C3A860288C,怎么判断一个单位已经烂透了?,怎么判断一个单位已经烂透了?,,TEXT_MISSING,,,PENDING,,PENDING,,PENDING,,PENDING,,PENDING,PENDING,Blind text-derived annotation only; do not use performance data while coding. Do not code first sentence or first 100 chars when answer_text is empty.
BLIND-F2110ECA7E,好领导一般都什么样？,好领导一般都什么样？,,TEXT_MISSING,,,PENDING,,PENDING,,PENDING,,PENDING,,PENDING,PENDING,Blind text-derived annotation only; do not use performance data while coding. Do not code first sentence or first 100 chars when answer_text is empty.
BLIND-8483CE378F,中年失业出路在哪？,中年失业出路在哪？,,TEXT_MISSING,,,PENDING,,PENDING,,PENDING,,PENDING,,PENDING,PENDING,Blind text-derived annotation only; do not use performance data while coding. Do not code first sentence or first 100 chars when answer_text is empty.
BLIND-37FBDD9DB8,为什么成功人士的精力都非常旺盛？,为什么成功人士的精力都非常旺盛？,,TEXT_MISSING,,,PENDING,,PENDING,,PENDING,,PENDING,,PENDING,PENDING,Blind text-derived annotation only; do not use performance data while coding. Do not code first sentence or first 100 chars when answer_text is empty.
BLIND-E5541048A0,职场中的人才，到底是「选拔」出来的还是「培养」出来的？,职场中的人才，到底是「选拔」出来的还是「培养」出来的？,"首屏：
谢邀 @掘美骑游 真正的人才，不是公司培养出来的。 也不是公司选拔出来的。 而是在结果压力里筛出来的。

结构：
1. 真正的人才，不是公司培养出来的。
2. 员工也有另一种幻想。
3. 公司不是学校。
4. 公司发工资，买的不是你的成长过程。
5. 所以人才到底怎么来的？
6. 真正成熟的公司，不会平均培养所有人。

结尾：
公司如果没有筛选机制，就会把资源浪费在不值得培养的人身上。 公司如果没有培养机制，就会把真正有潜力的人消耗掉。 所以人才不是单纯选出来，也不是单纯养出来。 人才是被结果筛出来，再被系统托起来的。",HISTORICAL_SNAPSHOT,l2_variable_records.md,,PENDING,,PENDING,,PENDING,,PENDING,,PENDING,PENDING,Blind text-derived annotation only; do not use performance data while coding. Do not code first sentence or first 100 chars when answer_text is empty.
BLIND-C56953660B,为什么现在的年轻人创业经常失败？,为什么现在的年轻人创业经常失败？,,TEXT_MISSING,,,PENDING,,PENDING,,PENDING,,PENDING,,PENDING,PENDING,Blind text-derived annotation only; do not use performance data while coding. Do not code first sentence or first 100 chars when answer_text is empty.
BLIND-0D8B145699,现在就业大环境怎么样？,现在就业大环境怎么样？,,TEXT_MISSING,,,PENDING,,PENDING,,PENDING,,PENDING,,PENDING,PENDING,Blind text-derived annotation only; do not use performance data while coding. Do not code first sentence or first 100 chars when answer_text is empty.
BLIND-4A8966CAFB,提拔人的底层逻辑是什么？,提拔人的底层逻辑是什么？,,TEXT_MISSING,,,PENDING,,PENDING,,PENDING,,PENDING,,PENDING,PENDING,Blind text-derived annotation only; do not use performance data while coding. Do not code first sentence or first 100 chars when answer_text is empty.
BLIND-8EFCF261E6,普通人怎么才能实现财务自由？,普通人怎么才能实现财务自由？,,TEXT_MISSING,,,PENDING,,PENDING,,PENDING,,PENDING,,PENDING,PENDING,Blind text-derived annotation only; do not use performance data while coding. Do not code first sentence or first 100 chars when answer_text is empty.
BLIND-06086A5698,管理的本质是决策还是协调？,管理的本质是决策还是协调？,,TEXT_MISSING,,,PENDING,,PENDING,,PENDING,,PENDING,,PENDING,PENDING,Blind text-derived annotation only; do not use performance data while coding. Do not code first sentence or first 100 chars when answer_text is empty.
