article_id,title,content_type,published_at,url,views,likes,comments,favorites,earnings,earnings_per_1k_views,historical_batch,historical_source,historical_completeness,question_type,structure_used,primary_variable,first_screen_type,core_mechanism,result_layer,deep_review,historical_rule_status,evidence_level,status,sample_level,upgrade_reason,source,collected_at,notes
answer_2065106196743336800,如果领导的工作安排明显有问题，下属到底需要执行下去，还是拒绝执行？,回答,发布于 6 小时前,https://www.zhihu.com/answer/2065106196743336800,86,0,0,1,,,HIST-01,知乎创作中心-内容管理,阅读完整/收益待补,UNKNOWN,UNKNOWN,UNKNOWN,UNKNOWN,UNKNOWN,,否,未提取,RAW,已发布,L0,,知乎创作中心-内容管理,2026-07-27T17:59:00+03:00,
pin_2065094587811641066,知无不言 徽章佩戴留念，期待在知乎继续前行，探索无尽可能。,想法,发布于 7 小时前,https://www.zhihu.com/pin/2065094587811641066,22,0,0,,,,HIST-01,知乎创作中心-内容管理,阅读完整/收益待补,UNKNOWN,UNKNOWN,UNKNOWN,UNKNOWN,UNKNOWN,,否,未提取,RAW,已发布,L0,,知乎创作中心-内容管理,2026-07-27T17:59:00+03:00,想法无收藏字段，favorites留空
answer_2065022033294107894,为什么我们越来越不尊敬领导了？,回答,发布于 12 小时前,https://www.zhihu.com/answer/2065022033294107894,283,0,0,1,,,HIST-01,知乎创作中心-内容管理,阅读完整/收益待补,UNKNOWN,UNKNOWN,UNKNOWN,UNKNOWN,UNKNOWN,,否,未提取,RAW,已发布,L0,,知乎创作中心-内容管理,2026-07-27T17:59:00+03:00,
answer_2065019094504673760,两名下属，一个来得早，一个能力强，要提一个做管理，怎么选？,回答,发布于 12 小时前,https://www.zhihu.com/answer/2065019094504673760,63,1,0,0,,,HIST-01,知乎创作中心-内容管理,阅读完整/收益待补,UNKNOWN,UNKNOWN,UNKNOWN,UNKNOWN,UNKNOWN,,否,未提取,RAW,已发布,L0,,知乎创作中心-内容管理,2026-07-27T17:59:00+03:00,
answer_2065015151401624924,领导看重自己，却提拔了别人，为什么？,回答,发布于 13 小时前,https://www.zhihu.com/answer/2065015151401624924,108,0,0,0,,,HIST-01,知乎创作中心-内容管理,阅读完整/收益待补,UNKNOWN,UNKNOWN,UNKNOWN,UNKNOWN,UNKNOWN,,否,未提取,RAW,已发布,L0,,知乎创作中心-内容管理,2026-07-27T17:59:00+03:00,
answer_2064075076014708522,领导怎么看待核心员工离职这件事?,回答,编辑于 07-24,https://www.zhihu.com/answer/2064075076014708522,277,0,0,0,,,HIST-01,知乎创作中心-内容管理,阅读完整/收益待补,UNKNOWN,UNKNOWN,UNKNOWN,UNKNOWN,UNKNOWN,,否,未提取,RAW,已发布,L0,,知乎创作中心-内容管理,2026-07-27T17:59:00+03:00,
answer_2064054719195223355,员工培养起来就跳槽怎么办？,回答,发布于 07-24,https://www.zhihu.com/answer/2064054719195223355,509,5,0,2,,,HIST-01,知乎创作中心-内容管理,阅读完整/收益待补,UNKNOWN,UNKNOWN,UNKNOWN,UNKNOWN,UNKNOWN,,否,未提取,RAW,已发布,L0,,知乎创作中心-内容管理,2026-07-27T17:59:00+03:00,
answer_2064037315291378046,何一最被低估的能力是什么：营销、产品、管理还是识人？,回答,发布于 07-24,https://www.zhihu.com/answer/2064037315291378046,43,3,0,0,,,HIST-01,知乎创作中心-内容管理,阅读完整/收益待补,UNKNOWN,UNKNOWN,UNKNOWN,UNKNOWN,UNKNOWN,,否,未提取,RAW,已发布,L0,,知乎创作中心-内容管理,2026-07-27T17:59:00+03:00,
answer_2064022392523985191,小红书被曝正主动联系相关老员工，愿补发期权换签署相关条款，真实性多大？若能达成一致，能顺利IPO吗？,回答,发布于 07-24,https://www.zhihu.com/answer/2064022392523985191,68,1,0,0,,,HIST-01,知乎创作中心-内容管理,阅读完整/收益待补,UNKNOWN,UNKNOWN,UNKNOWN,UNKNOWN,UNKNOWN,,否,未提取,RAW,已发布,L0,,知乎创作中心-内容管理,2026-07-27T17:59:00+03:00,
answer_2064010056581042982,为什么许多公司不愿意提拔能力很强的员工?,回答,发布于 07-24,https://www.zhihu.com/answer/2064010056581042982,312,3,0,2,,,HIST-01,知乎创作中心-内容管理,阅读完整/收益待补,UNKNOWN,UNKNOWN,UNKNOWN,UNKNOWN,UNKNOWN,,否,未提取,RAW,已发布,L0,,知乎创作中心-内容管理,2026-07-27T17:59:00+03:00,
answer_2064001332869181879,为什么普通人很难在工作中学习成长为一个强者？,回答,发布于 07-24,https://www.zhihu.com/answer/2064001332869181879,171,4,3,9,,,HIST-01,知乎创作中心-内容管理,阅读完整/收益待补,UNKNOWN,UNKNOWN,UNKNOWN,UNKNOWN,UNKNOWN,,否,未提取,RAW,已发布,L0,,知乎创作中心-内容管理,2026-07-27T17:59:00+03:00,
answer_2063996301998559500,为什么我开始不害怕领导了，说什么都不反驳，只淡淡一笑，看到主要领导也就这样？,回答,发布于 07-24,https://www.zhihu.com/answer/2063996301998559500,139,1,0,0,,,HIST-01,知乎创作中心-内容管理,阅读完整/收益待补,UNKNOWN,UNKNOWN,UNKNOWN,UNKNOWN,UNKNOWN,,否,未提取,RAW,已发布,L0,,知乎创作中心-内容管理,2026-07-27T17:59:00+03:00,
answer_2063716034964624021,为什么有的大公司一群聪明人，各种考核标准，事情做的一团糟？,回答,发布于 07-23,https://www.zhihu.com/answer/2063716034964624021,169,0,1,1,,,HIST-01,知乎创作中心-内容管理,阅读完整/收益待补,UNKNOWN,UNKNOWN,UNKNOWN,UNKNOWN,UNKNOWN,,否,未提取,RAW,已发布,L0,,知乎创作中心-内容管理,2026-07-27T17:59:00+03:00,
answer_2063702955019261348,面对领导的打压，你会怎么做？,回答,发布于 07-23,https://www.zhihu.com/answer/2063702955019261348,10,0,0,0,,,HIST-01,知乎创作中心-内容管理,阅读完整/收益待补,UNKNOWN,UNKNOWN,UNKNOWN,UNKNOWN,UNKNOWN,,否,未提取,RAW,已发布,L0,,知乎创作中心-内容管理,2026-07-27T17:59:00+03:00,
answer_2063619939760714950,管理者如何做到“凡事有交代，件件有着落”？,回答,发布于 07-23,https://www.zhihu.com/answer/2063619939760714950,18,0,0,0,,,HIST-01,知乎创作中心-内容管理,阅读完整/收益待补,UNKNOWN,UNKNOWN,UNKNOWN,UNKNOWN,UNKNOWN,,否,未提取,RAW,已发布,L0,,知乎创作中心-内容管理,2026-07-27T17:59:00+03:00,
p_2063612464823120232,为什么越来越多人“一切向钱看”？真正被金钱替代的，不是道德，而是安全感,文章,发布于 07-23,https://zhuanlan.zhihu.com/p/2063612464823120232,40,0,0,1,,,HIST-01,知乎创作中心-内容管理,阅读完整/收益待补,UNKNOWN,UNKNOWN,UNKNOWN,UNKNOWN,UNKNOWN,,否,未提取,RAW,已发布,L0,,知乎创作中心-内容管理,2026-07-27T17:59:00+03:00,
answer_2063378539873936478,为什么公司中层培养这么困难？培养中层的最大障碍到底是什么？,回答,发布于 07-22,https://www.zhihu.com/answer/2063378539873936478,809,7,3,13,,,HIST-01,知乎创作中心-内容管理,阅读完整/收益待补,UNKNOWN,UNKNOWN,UNKNOWN,UNKNOWN,UNKNOWN,,否,未提取,RAW,已发布,L0,,知乎创作中心-内容管理,2026-07-27T17:59:00+03:00,
p_2063287944350266033,《刚出面试间就拍大腿后悔？你早该学点面试手段了》,文章,发布于 07-22,https://zhuanlan.zhihu.com/p/2063287944350266033,19,1,0,0,,,HIST-01,知乎创作中心-内容管理,阅读完整/收益待补,UNKNOWN,UNKNOWN,UNKNOWN,UNKNOWN,UNKNOWN,,否,未提取,RAW,已发布,L0,,知乎创作中心-内容管理,2026-07-27T17:59:00+03:00,
answer_2063278960805418239,职场里，是「事事汇报，寻求指导」显得更稳妥，还是「独立思考，直接给出方案」更能体现价值？,回答,发布于 07-22,https://www.zhihu.com/answer/2063278960805418239,5,0,0,0,,,HIST-01,知乎创作中心-内容管理,阅读完整/收益待补,UNKNOWN,UNKNOWN,UNKNOWN,UNKNOWN,UNKNOWN,,否,未提取,RAW,已发布,L0,,知乎创作中心-内容管理,2026-07-27T17:59:00+03:00,
answer_2063277395864465795,职场中如何「扭转」领导对你的不好印象？,回答,发布于 07-22,https://www.zhihu.com/answer/2063277395864465795,39,0,0,0,,,HIST-01,知乎创作中心-内容管理,阅读完整/收益待补,UNKNOWN,UNKNOWN,UNKNOWN,UNKNOWN,UNKNOWN,,否,未提取,RAW,已发布,L0,,知乎创作中心-内容管理,2026-07-27T17:59:00+03:00,
answer_2063272654350684276,谁来告诉我，外面的真实就业环境现在怎么样？要不要考虑裸辞？,回答,发布于 07-22,https://www.zhihu.com/answer/2063272654350684276,293,3,0,0,,,HIST-01,知乎创作中心-内容管理,阅读完整/收益待补,UNKNOWN,UNKNOWN,UNKNOWN,UNKNOWN,UNKNOWN,,否,未提取,RAW,已发布,L0,,知乎创作中心-内容管理,2026-07-27T17:59:00+03:00,
answer_2063268216005309342,为什么很多人，做到经理或总监，就再也上不去了？,回答,发布于 07-22,https://www.zhihu.com/answer/2063268216005309342,6567,62,6,134,1611,245.32,HIST-01,知乎创作中心-内容管理,结果完整/标签待补,UNKNOWN,UNKNOWN,UNKNOWN,UNKNOWN,UNKNOWN,A+B,是,未提取,RAW,已发布,L0,,知乎创作中心-内容管理,2026-07-27T17:59:00+03:00,收益来源：知乎TOP10事实包_V1_给GPT复盘.md
answer_2063266042324034332,在职场久了我发现有些人能力一般般，领导却特别看重他，做任何事都会护着他，这是为什么呢？,回答,发布于 07-22,https://www.zhihu.com/answer/2063266042324034332,262,0,0,3,,,HIST-01,知乎创作中心-内容管理,阅读完整/收益待补,UNKNOWN,UNKNOWN,UNKNOWN,UNKNOWN,UNKNOWN,,否,未提取,RAW,已发布,L0,,知乎创作中心-内容管理,2026-07-27T17:59:00+03:00,
answer_2063261788725065564,和领导相处有哪些红线不能碰？,回答,发布于 07-22,https://www.zhihu.com/answer/2063261788725065564,578,0,0,3,,,HIST-01,知乎创作中心-内容管理,阅读完整/收益待补,UNKNOWN,UNKNOWN,UNKNOWN,UNKNOWN,UNKNOWN,,否,未提取,RAW,已发布,L0,,知乎创作中心-内容管理,2026-07-27T17:59:00+03:00,
p_2063068730700076121,投了上百份简历，最扎心的不是没人回复。。。,文章,发布于 07-21,https://zhuanlan.zhihu.com/p/2063068730700076121,51,0,0,1,,,HIST-01,知乎创作中心-内容管理,阅读完整/收益待补,UNKNOWN,UNKNOWN,UNKNOWN,UNKNOWN,UNKNOWN,,否,未提取,RAW,已发布,L0,,知乎创作中心-内容管理,2026-07-27T17:59:00+03:00,
answer_2063019845868860854,基层工作现在的难点是什么？,回答,发布于 07-21,https://www.zhihu.com/answer/2063019845868860854,1712,41,3,23,320,186.92,HIST-01,知乎创作中心-内容管理,结果完整/标签待补,UNKNOWN,UNKNOWN,UNKNOWN,UNKNOWN,UNKNOWN,A+B,是,未提取,RAW,已发布,L0,,知乎创作中心-内容管理,2026-07-27T17:59:00+03:00,收益来源：知乎TOP10事实包_V1_给GPT复盘.md
answer_2062920716366898029,发现没有，凡是在公司跟领导吵过一次架以后，大部分人都无奈的走了，这是为什么？,回答,发布于 07-21,https://www.zhihu.com/answer/2062920716366898029,349,2,0,1,,,HIST-01,知乎创作中心-内容管理,阅读完整/收益待补,UNKNOWN,UNKNOWN,UNKNOWN,UNKNOWN,UNKNOWN,,否,未提取,RAW,已发布,L0,,知乎创作中心-内容管理,2026-07-27T17:59:00+03:00,
answer_2062640327148692977,下属做事主动性太低，推一下动一下，作为上级要怎么办，需要去提升哪方面的领导管理能力？,回答,发布于 07-20,https://www.zhihu.com/answer/2062640327148692977,251,2,0,4,,,HIST-01,知乎创作中心-内容管理,阅读完整/收益待补,UNKNOWN,UNKNOWN,UNKNOWN,UNKNOWN,UNKNOWN,,否,未提取,RAW,已发布,L0,,知乎创作中心-内容管理,2026-07-27T17:59:00+03:00,
answer_2062594251175810974,如何看待大力提拔选拔年轻干部?,回答,发布于 07-20,https://www.zhihu.com/answer/2062594251175810974,820,4,0,5,33,40.24,HIST-01,知乎创作中心-内容管理,结果完整/标签待补,UNKNOWN,UNKNOWN,UNKNOWN,UNKNOWN,UNKNOWN,A+D,是,未提取,RAW,已发布,L0,,知乎创作中心-内容管理,2026-07-27T17:59:00+03:00,
answer_2062591904173257199,于东来建议每年新增 20 至 40 天带薪年假，严格执行每周 40 小时工作制，怎样看待他的用工理念？,回答,发布于 07-20,https://www.zhihu.com/answer/2062591904173257199,162,0,0,0,,,HIST-01,知乎创作中心-内容管理,阅读完整/收益待补,UNKNOWN,UNKNOWN,UNKNOWN,UNKNOWN,UNKNOWN,,否,未提取,RAW,已发布,L0,,知乎创作中心-内容管理,2026-07-27T17:59:00+03:00,
answer_2062588572134289861,基层为什么越来越累？,回答,发布于 07-20,https://www.zhihu.com/answer/2062588572134289861,167,1,0,1,9,53.89,HIST-01,知乎创作中心-内容管理,结果完整/标签待补,UNKNOWN,UNKNOWN,UNKNOWN,UNKNOWN,UNKNOWN,C+D,是,未提取,RAW,已发布,L0,,知乎创作中心-内容管理,2026-07-27T17:59:00+03:00,
answer_2062574178964968319,是什么让好员工开始摆烂的？,回答,发布于 07-20,https://www.zhihu.com/answer/2062574178964968319,351,1,0,2,9,25.64,HIST-01,知乎创作中心-内容管理,结果完整/标签待补,UNKNOWN,UNKNOWN,UNKNOWN,UNKNOWN,UNKNOWN,C+D,是,未提取,RAW,已发布,L0,,知乎创作中心-内容管理,2026-07-27T17:59:00+03:00,
answer_2062303667714253844,领导总把我当「救火队员」，却不给晋升机会，该如何破局？,回答,发布于 07-19,https://www.zhihu.com/answer/2062303667714253844,5,0,0,0,,,HIST-01,知乎创作中心-内容管理,阅读完整/收益待补,UNKNOWN,UNKNOWN,UNKNOWN,UNKNOWN,UNKNOWN,,否,未提取,RAW,已发布,L0,,知乎创作中心-内容管理,2026-07-27T17:59:00+03:00,
answer_2062298576785610201,老板想提拔我当部门经理，但我觉得自己没有天赋，这事该怎么解决？,回答,发布于 07-19,https://www.zhihu.com/answer/2062298576785610201,80,1,0,0,,,HIST-01,知乎创作中心-内容管理,阅读完整/收益待补,UNKNOWN,UNKNOWN,UNKNOWN,UNKNOWN,UNKNOWN,,否,未提取,RAW,已发布,L0,,知乎创作中心-内容管理,2026-07-27T17:59:00+03:00,
answer_2062295454298149891,世界上的人绝大多数都是普通人，也就是能力一般的人，能力一般者如何才能在职场中「逆袭」呢？,回答,发布于 07-19,https://www.zhihu.com/answer/2062295454298149891,37,1,0,0,,,HIST-01,知乎创作中心-内容管理,阅读完整/收益待补,UNKNOWN,UNKNOWN,UNKNOWN,UNKNOWN,UNKNOWN,,否,未提取,RAW,已发布,L0,,知乎创作中心-内容管理,2026-07-27T17:59:00+03:00,
answer_2062294662191305724,从厉害的领导身上，我们可以学到什么？,回答,发布于 07-19,https://www.zhihu.com/answer/2062294662191305724,303,6,0,12,,,HIST-01,知乎创作中心-内容管理,阅读完整/收益待补,UNKNOWN,UNKNOWN,UNKNOWN,UNKNOWN,UNKNOWN,,否,未提取,RAW,已发布,L0,,知乎创作中心-内容管理,2026-07-27T17:59:00+03:00,
answer_2062168842034591494,职场上总说「屁股决定脑袋」，要站在老板的角度想问题，那怎样才算是站在老板的角度呢？,回答,发布于 07-19,https://www.zhihu.com/answer/2062168842034591494,20,2,0,5,,,HIST-01,知乎创作中心-内容管理,阅读完整/收益待补,UNKNOWN,UNKNOWN,UNKNOWN,UNKNOWN,UNKNOWN,,否,未提取,RAW,已发布,L0,,知乎创作中心-内容管理,2026-07-27T17:59:00+03:00,
answer_2062167228661994539,为什么“工作逻辑”比能力更重要？,回答,发布于 07-19,https://www.zhihu.com/answer/2062167228661994539,93,2,0,0,4,43.01,HIST-01,知乎创作中心-内容管理,结果完整/标签待补,UNKNOWN,UNKNOWN,UNKNOWN,UNKNOWN,UNKNOWN,C+D,是,未提取,RAW,已发布,L0,,知乎创作中心-内容管理,2026-07-27T17:59:00+03:00,
answer_2062118469357791071,为什么很多大领导在职场上看人都很准呢？,回答,发布于 07-19,https://www.zhihu.com/answer/2062118469357791071,193,0,0,0,,,HIST-01,知乎创作中心-内容管理,阅读完整/收益待补,UNKNOWN,UNKNOWN,UNKNOWN,UNKNOWN,UNKNOWN,,否,未提取,RAW,已发布,L0,,知乎创作中心-内容管理,2026-07-27T17:59:00+03:00,
answer_2062117017818339087,职场中需要「深度思考」的能力吗？还是拿到活「直接干」效率更高？,回答,发布于 07-19,https://www.zhihu.com/answer/2062117017818339087,21,1,0,0,,,HIST-01,知乎创作中心-内容管理,阅读完整/收益待补,UNKNOWN,UNKNOWN,UNKNOWN,UNKNOWN,UNKNOWN,,否,未提取,RAW,已发布,L0,,知乎创作中心-内容管理,2026-07-27T17:59:00+03:00,
pin_2062108685980152949,有求必应 徽章佩戴留念，期待在知乎继续前行，探索无尽可能。,想法,发布于 07-19,https://www.zhihu.com/pin/2062108685980152949,39,1,0,,,,HIST-01,知乎创作中心-内容管理,阅读完整/收益待补,UNKNOWN,UNKNOWN,UNKNOWN,UNKNOWN,UNKNOWN,,否,未提取,RAW,已发布,L0,,知乎创作中心-内容管理,2026-07-27T17:59:00+03:00,想法无收藏字段，favorites留空
answer_2061967966275637336,为什么大领导能看出高潜力员工呢？,回答,发布于 07-18,https://www.zhihu.com/answer/2061967966275637336,13,0,0,0,,,HIST-01,知乎创作中心-内容管理,阅读完整/收益待补,UNKNOWN,UNKNOWN,UNKNOWN,UNKNOWN,UNKNOWN,,否,未提取,RAW,已发布,L0,,知乎创作中心-内容管理,2026-07-27T17:59:00+03:00,
answer_2061965818829739713,什么类型的人适合当领导？,回答,发布于 07-18,https://www.zhihu.com/answer/2061965818829739713,481,4,0,13,94,195.43,HIST-01,知乎创作中心-内容管理,结果完整/标签待补,UNKNOWN,UNKNOWN,UNKNOWN,UNKNOWN,UNKNOWN,A+B,是,未提取,RAW,已发布,L0,,知乎创作中心-内容管理,2026-07-27T17:59:00+03:00,
answer_2061964431832232066,从国企离职后在私企越混越迷茫，未来的路该怎么走？,回答,发布于 07-18,https://www.zhihu.com/answer/2061964431832232066,42,0,0,1,,,HIST-01,知乎创作中心-内容管理,阅读完整/收益待补,UNKNOWN,UNKNOWN,UNKNOWN,UNKNOWN,UNKNOWN,,否,未提取,RAW,已发布,L0,,知乎创作中心-内容管理,2026-07-27T17:59:00+03:00,
answer_2061527256145694809,什么才是真正的“解决问题的能力”?,回答,发布于 07-17,https://www.zhihu.com/answer/2061527256145694809,496,6,1,10,,,HIST-01,知乎创作中心-内容管理,阅读完整/收益待补,UNKNOWN,UNKNOWN,UNKNOWN,UNKNOWN,UNKNOWN,,否,未提取,RAW,已发布,L0,,知乎创作中心-内容管理,2026-07-27T17:59:00+03:00,
answer_2061486390307709805,为什么领导明明很看好你，却突然提拔了别人？,回答,发布于 07-17,https://www.zhihu.com/answer/2061486390307709805,277,2,0,2,,,HIST-01,知乎创作中心-内容管理,阅读完整/收益待补,UNKNOWN,UNKNOWN,UNKNOWN,UNKNOWN,UNKNOWN,,否,未提取,RAW,已发布,L0,,知乎创作中心-内容管理,2026-07-27T17:59:00+03:00,
answer_2061485398254264535,作为领导，为什么下属不把你当回事啊？,回答,发布于 07-17,https://www.zhihu.com/answer/2061485398254264535,132,1,0,0,,,HIST-01,知乎创作中心-内容管理,阅读完整/收益待补,UNKNOWN,UNKNOWN,UNKNOWN,UNKNOWN,UNKNOWN,,否,未提取,RAW,已发布,L0,,知乎创作中心-内容管理,2026-07-27T17:59:00+03:00,
answer_2061474521207640764,在职场中，领导不提拔你的原因是什么啊？,回答,发布于 07-17,https://www.zhihu.com/answer/2061474521207640764,185,1,0,1,,,HIST-01,知乎创作中心-内容管理,阅读完整/收益待补,UNKNOWN,UNKNOWN,UNKNOWN,UNKNOWN,UNKNOWN,,否,未提取,RAW,已发布,L0,,知乎创作中心-内容管理,2026-07-27T17:59:00+03:00,
answer_2061473929433289312,为什么领导总是在任劳任怨的人身上挑毛病？,回答,发布于 07-17,https://www.zhihu.com/answer/2061473929433289312,233,2,0,1,,,HIST-01,知乎创作中心-内容管理,阅读完整/收益待补,UNKNOWN,UNKNOWN,UNKNOWN,UNKNOWN,UNKNOWN,,否,未提取,RAW,已发布,L0,,知乎创作中心-内容管理,2026-07-27T17:59:00+03:00,
p_2061280912097255625,为什么创业者明知道可能被骗，依然愿意花钱找老师带？,文章,发布于 07-16,https://zhuanlan.zhihu.com/p/2061280912097255625,28,0,0,0,,,HIST-01,知乎创作中心-内容管理,阅读完整/收益待补,UNKNOWN,UNKNOWN,UNKNOWN,UNKNOWN,UNKNOWN,,否,未提取,RAW,已发布,L0,,知乎创作中心-内容管理,2026-07-27T17:59:00+03:00,
answer_2061182947722629609,阶层为什么会固化？,回答,发布于 07-16,https://www.zhihu.com/answer/2061182947722629609,71,4,0,7,26,366.20,HIST-02,知乎创作中心-内容管理,结果完整/标签待补,UNKNOWN,UNKNOWN,UNKNOWN,UNKNOWN,UNKNOWN,B+C+D,是,未提取,RAW,已发布,L0,,知乎创作中心-内容管理,2026-07-27T17:59:00+03:00,
answer_2061134122567962739,跟大领导交流应该注意些什么？,回答,发布于 07-16,https://www.zhihu.com/answer/2061134122567962739,275,3,0,6,,,HIST-02,知乎创作中心-内容管理,阅读完整/收益待补,UNKNOWN,UNKNOWN,UNKNOWN,UNKNOWN,UNKNOWN,,否,未提取,RAW,已发布,L0,,知乎创作中心-内容管理,2026-07-27T17:59:00+03:00,
answer_2061120534465847836,曝拼多多请假已精准到分钟，反映了哪些问题？你怎么看待能精准到分的这一请假形式？,回答,发布于 07-16,https://www.zhihu.com/answer/2061120534465847836,323,2,0,2,,,HIST-02,知乎创作中心-内容管理,阅读完整/收益待补,UNKNOWN,UNKNOWN,UNKNOWN,UNKNOWN,UNKNOWN,,否,未提取,RAW,已发布,L0,,知乎创作中心-内容管理,2026-07-27T17:59:00+03:00,
answer_2061119572829270834,什么叫裁员裁到大动脉？,回答,发布于 07-16,https://www.zhihu.com/answer/2061119572829270834,649,2,0,0,4,6.16,HIST-02,知乎创作中心-内容管理,结果完整/标签待补,UNKNOWN,UNKNOWN,UNKNOWN,UNKNOWN,UNKNOWN,C+D,是,未提取,RAW,已发布,L0,,知乎创作中心-内容管理,2026-07-27T17:59:00+03:00,
answer_2061118130731096014,领导提拔你的最根本的原因是什么？,回答,发布于 07-16,https://www.zhihu.com/answer/2061118130731096014,509,5,0,8,88,172.89,HIST-02,知乎创作中心-内容管理,结果完整/标签待补,UNKNOWN,UNKNOWN,UNKNOWN,UNKNOWN,UNKNOWN,A+B+D,是,未提取,RAW,已发布,L0,,知乎创作中心-内容管理,2026-07-27T17:59:00+03:00,
answer_2060821175119484418,为什么现在充满恶意的人越来越多了?,回答,发布于 07-15,https://www.zhihu.com/answer/2060821175119484418,95,3,0,9,,,HIST-02,知乎创作中心-内容管理,阅读完整/收益待补,UNKNOWN,UNKNOWN,UNKNOWN,UNKNOWN,UNKNOWN,,否,未提取,RAW,已发布,L0,,知乎创作中心-内容管理,2026-07-27T17:59:00+03:00,
answer_2060814233038747008,为什么越来越多的工厂开始涨薪留人了？,回答,发布于 07-15,https://www.zhihu.com/answer/2060814233038747008,954,10,0,5,,,HIST-02,知乎创作中心-内容管理,阅读完整/收益待补,UNKNOWN,UNKNOWN,UNKNOWN,UNKNOWN,UNKNOWN,,否,未提取,RAW,已发布,L0,,知乎创作中心-内容管理,2026-07-27T17:59:00+03:00,
answer_2060762618021913067,为什么很多销冠到后面越来越不像“销售”？,回答,发布于 07-15,https://www.zhihu.com/answer/2060762618021913067,227,0,0,2,,,HIST-02,知乎创作中心-内容管理,阅读完整/收益待补,UNKNOWN,UNKNOWN,UNKNOWN,UNKNOWN,UNKNOWN,,否,未提取,RAW,已发布,L0,,知乎创作中心-内容管理,2026-07-27T17:59:00+03:00,
answer_2060482225242641580,为什么现代职场越来越注重情商，而不单单看专业能力?,回答,发布于 07-14,https://www.zhihu.com/answer/2060482225242641580,46,1,0,0,,,HIST-02,知乎创作中心-内容管理,阅读完整/收益待补,UNKNOWN,UNKNOWN,UNKNOWN,UNKNOWN,UNKNOWN,,否,未提取,RAW,已发布,L0,,知乎创作中心-内容管理,2026-07-27T17:59:00+03:00,
answer_2060382464640561232,提拔人的底层逻辑是什么？,回答,发布于 07-14,https://www.zhihu.com/answer/2060382464640561232,288,2,0,3,33,114.58,HIST-02,知乎创作中心-内容管理,结果完整/标签待补,UNKNOWN,UNKNOWN,UNKNOWN,UNKNOWN,UNKNOWN,A+B+D,是,未提取,RAW,已发布,L0,,知乎创作中心-内容管理,2026-07-27T17:59:00+03:00,
answer_2060374042914316421,踏踏实实干活的人，为什么往往比不上会来事的人？,回答,发布于 07-14,https://www.zhihu.com/answer/2060374042914316421,46,1,0,2,,,HIST-02,知乎创作中心-内容管理,阅读完整/收益待补,UNKNOWN,UNKNOWN,UNKNOWN,UNKNOWN,UNKNOWN,,否,未提取,RAW,已发布,L0,,知乎创作中心-内容管理,2026-07-27T17:59:00+03:00,
answer_2060020354865705923,职场里最消耗人的不是加班，而是哪些看不见的 “隐性内耗”？,回答,发布于 07-13,https://www.zhihu.com/answer/2060020354865705923,94,2,0,0,,,HIST-02,知乎创作中心-内容管理,阅读完整/收益待补,UNKNOWN,UNKNOWN,UNKNOWN,UNKNOWN,UNKNOWN,,否,未提取,RAW,已发布,L0,,知乎创作中心-内容管理,2026-07-27T17:59:00+03:00,
answer_2059803597349582238,体制内，比到最后拼的是什么？,回答,发布于 07-12,https://www.zhihu.com/answer/2059803597349582238,288,2,0,2,,,HIST-02,知乎创作中心-内容管理,阅读完整/收益待补,UNKNOWN,UNKNOWN,UNKNOWN,UNKNOWN,UNKNOWN,,否,未提取,RAW,已发布,L0,,知乎创作中心-内容管理,2026-07-27T17:59:00+03:00,
answer_2059755290493444715,为什么工作认真、全面，领导、同事却认为工作没有重点，反而觉得做事少、处理眼前事的同事有能力？,回答,发布于 07-12,https://www.zhihu.com/answer/2059755290493444715,47,2,0,0,,,HIST-02,知乎创作中心-内容管理,阅读完整/收益待补,UNKNOWN,UNKNOWN,UNKNOWN,UNKNOWN,UNKNOWN,,否,未提取,RAW,已发布,L0,,知乎创作中心-内容管理,2026-07-27T17:59:00+03:00,
answer_2059667518034294029,好员工为啥都选择了摆烂？,回答,发布于 07-12,https://www.zhihu.com/answer/2059667518034294029,425,3,0,3,,,HIST-02,知乎创作中心-内容管理,阅读完整/收益待补,UNKNOWN,UNKNOWN,UNKNOWN,UNKNOWN,UNKNOWN,,否,未提取,RAW,已发布,L0,,知乎创作中心-内容管理,2026-07-27T17:59:00+03:00,
p_2059663118201008498,我为什么总想给自己留后路？,文章,编辑于 07-12,https://zhuanlan.zhihu.com/p/2059663118201008498,24,0,0,1,,,HIST-02,知乎创作中心-内容管理,阅读完整/收益待补,UNKNOWN,UNKNOWN,UNKNOWN,UNKNOWN,UNKNOWN,,否,未提取,RAW,已发布,L0,,知乎创作中心-内容管理,2026-07-27T17:59:00+03:00,
answer_2058939451196413035,为什么说领导不是谁都可以当好的？,回答,发布于 07-10,https://www.zhihu.com/answer/2058939451196413035,149,1,0,0,,,HIST-02,知乎创作中心-内容管理,阅读完整/收益待补,UNKNOWN,UNKNOWN,UNKNOWN,UNKNOWN,UNKNOWN,,否,未提取,RAW,已发布,L0,,知乎创作中心-内容管理,2026-07-27T17:59:00+03:00,
answer_2058937460239889829,职场中，知难而进和知难而退，究竟该如何选择？,回答,发布于 07-10,https://www.zhihu.com/answer/2058937460239889829,34,1,0,0,,,HIST-02,知乎创作中心-内容管理,阅读完整/收益待补,UNKNOWN,UNKNOWN,UNKNOWN,UNKNOWN,UNKNOWN,,否,未提取,RAW,已发布,L0,,知乎创作中心-内容管理,2026-07-27T17:59:00+03:00,
answer_2057850959083180345,体制内的人怎么看待自己的工作？怎么评价自己的价值？,回答,发布于 07-07,https://www.zhihu.com/answer/2057850959083180345,85,1,0,0,,,HIST-02,知乎创作中心-内容管理,阅读完整/收益待补,UNKNOWN,UNKNOWN,UNKNOWN,UNKNOWN,UNKNOWN,,否,未提取,RAW,已发布,L0,,知乎创作中心-内容管理,2026-07-27T17:59:00+03:00,
answer_2057527309524120066,职场晋升，究竟是能力重要还是人脉重要？,回答,发布于 07-06,https://www.zhihu.com/answer/2057527309524120066,57,1,1,1,,,HIST-02,知乎创作中心-内容管理,阅读完整/收益待补,UNKNOWN,UNKNOWN,UNKNOWN,UNKNOWN,UNKNOWN,,否,未提取,RAW,已发布,L0,,知乎创作中心-内容管理,2026-07-27T17:59:00+03:00,
answer_2057498521570484354,职场里，一个优秀的员工为什么会突然摆烂呢？,回答,发布于 07-06,https://www.zhihu.com/answer/2057498521570484354,191,0,0,0,,,HIST-02,知乎创作中心-内容管理,阅读完整/收益待补,UNKNOWN,UNKNOWN,UNKNOWN,UNKNOWN,UNKNOWN,,否,未提取,RAW,已发布,L0,,知乎创作中心-内容管理,2026-07-27T17:59:00+03:00,
answer_2057135356257087891,职场上，当出现了一些机会，但是要让自己付出更多的时候，我们该不该去争取？,回答,发布于 07-05,https://www.zhihu.com/answer/2057135356257087891,85,1,0,0,,,HIST-02,知乎创作中心-内容管理,阅读完整/收益待补,UNKNOWN,UNKNOWN,UNKNOWN,UNKNOWN,UNKNOWN,,否,未提取,RAW,已发布,L0,,知乎创作中心-内容管理,2026-07-27T17:59:00+03:00,
answer_2057129843288957834,现在就业大环境怎么样？,回答,发布于 07-05,https://www.zhihu.com/answer/2057129843288957834,594,5,0,2,61,102.69,HIST-02,知乎创作中心-内容管理,结果完整/标签待补,UNKNOWN,UNKNOWN,UNKNOWN,UNKNOWN,UNKNOWN,A+B+D,是,未提取,RAW,已发布,L0,,知乎创作中心-内容管理,2026-07-27T17:59:00+03:00,
answer_2057119789592717236,公司倒闭前有什么征兆？,回答,发布于 07-05,https://www.zhihu.com/answer/2057119789592717236,921,1,0,0,4,4.34,HIST-02,知乎创作中心-内容管理,结果完整/标签待补,UNKNOWN,UNKNOWN,UNKNOWN,UNKNOWN,UNKNOWN,C+D,是,未提取,RAW,已发布,L0,,知乎创作中心-内容管理,2026-07-27T17:59:00+03:00,
answer_2057113692043490073,站在领导的角度上看，打压员工是不是必要的？,回答,发布于 07-05,https://www.zhihu.com/answer/2057113692043490073,225,2,0,3,,,HIST-02,知乎创作中心-内容管理,阅读完整/收益待补,UNKNOWN,UNKNOWN,UNKNOWN,UNKNOWN,UNKNOWN,,否,未提取,RAW,已发布,L0,,知乎创作中心-内容管理,2026-07-27T17:59:00+03:00,
answer_2056875505937282502,老板说「我只看结果，其他的事，你自己做决定」，这样的老板是不是「挺可怕」？,回答,发布于 07-04,https://www.zhihu.com/answer/2056875505937282502,49,0,0,1,,,HIST-02,知乎创作中心-内容管理,阅读完整/收益待补,UNKNOWN,UNKNOWN,UNKNOWN,UNKNOWN,UNKNOWN,,否,未提取,RAW,已发布,L0,,知乎创作中心-内容管理,2026-07-27T17:59:00+03:00,
answer_2056809213549195382,为什么国企不把所有员工都按照劳务派遣的方式管理？,回答,发布于 07-04,https://www.zhihu.com/answer/2056809213549195382,752,0,0,5,,,HIST-02,知乎创作中心-内容管理,阅读完整/收益待补,UNKNOWN,UNKNOWN,UNKNOWN,UNKNOWN,UNKNOWN,,否,未提取,RAW,已发布,L0,,知乎创作中心-内容管理,2026-07-27T17:59:00+03:00,
answer_2056777356090647461,空降领导比你年轻，工作经验比你少，综合能力比你差，安排工作后是你在帮他善后，你怎么跟这种领导共事？,回答,发布于 07-04,https://www.zhihu.com/answer/2056777356090647461,52,0,0,0,,,HIST-02,知乎创作中心-内容管理,阅读完整/收益待补,UNKNOWN,UNKNOWN,UNKNOWN,UNKNOWN,UNKNOWN,,否,未提取,RAW,已发布,L0,,知乎创作中心-内容管理,2026-07-27T17:59:00+03:00,
answer_2056754549130639298,当领导对你说，公司离了谁都会转，别把自己太当会事，要如何回答？,回答,发布于 07-04,https://www.zhihu.com/answer/2056754549130639298,89,1,0,1,,,HIST-02,知乎创作中心-内容管理,阅读完整/收益待补,UNKNOWN,UNKNOWN,UNKNOWN,UNKNOWN,UNKNOWN,,否,未提取,RAW,已发布,L0,,知乎创作中心-内容管理,2026-07-27T17:59:00+03:00,
answer_2056387553188635619,公司出现什么迹象了，说明公司开始走下坡路了？,回答,发布于 07-03,https://www.zhihu.com/answer/2056387553188635619,1681,11,1,8,,,HIST-02,知乎创作中心-内容管理,阅读完整/收益待补,UNKNOWN,UNKNOWN,UNKNOWN,UNKNOWN,UNKNOWN,,否,未提取,RAW,已发布,L0,,知乎创作中心-内容管理,2026-07-27T17:59:00+03:00,
answer_2056385824917288025,字节CEO梁汝波发全员信，要求Leader敢于设定高目标、深入一线，背后有何意图？能带来哪些变化？,回答,发布于 07-03,https://www.zhihu.com/answer/2056385824917288025,247,0,0,0,,,HIST-02,知乎创作中心-内容管理,阅读完整/收益待补,UNKNOWN,UNKNOWN,UNKNOWN,UNKNOWN,UNKNOWN,,否,未提取,RAW,已发布,L0,,知乎创作中心-内容管理,2026-07-27T17:59:00+03:00,
answer_2056382999558674292,体制内你见到最狠的是什么样？,回答,发布于 07-03,https://www.zhihu.com/answer/2056382999558674292,478,1,0,2,18,37.66,HIST-02,知乎创作中心-内容管理,结果完整/标签待补,UNKNOWN,UNKNOWN,UNKNOWN,UNKNOWN,UNKNOWN,C+D,是,未提取,RAW,已发布,L0,,知乎创作中心-内容管理,2026-07-27T17:59:00+03:00,
answer_2056372914451227382,为什么有些国企中层见不得自己的下属好？,回答,发布于 07-03,https://www.zhihu.com/answer/2056372914451227382,269,3,0,1,,,HIST-02,知乎创作中心-内容管理,阅读完整/收益待补,UNKNOWN,UNKNOWN,UNKNOWN,UNKNOWN,UNKNOWN,,否,未提取,RAW,已发布,L0,,知乎创作中心-内容管理,2026-07-27T17:59:00+03:00,
answer_2056059209934959217,怎么判断一个单位已经烂透了?,回答,发布于 07-02,https://www.zhihu.com/answer/2056059209934959217,962,12,1,16,217,225.57,HIST-02,知乎创作中心-内容管理,结果完整/标签待补,UNKNOWN,UNKNOWN,UNKNOWN,UNKNOWN,UNKNOWN,A+B,是,未提取,RAW,已发布,L0,,知乎创作中心-内容管理,2026-07-27T17:59:00+03:00,
answer_2056054123464860634,为什么中建这种大央企也会发不出工资？,回答,发布于 07-02,https://www.zhihu.com/answer/2056054123464860634,546,7,0,4,55,100.73,HIST-02,知乎创作中心-内容管理,结果完整/标签待补,UNKNOWN,UNKNOWN,UNKNOWN,UNKNOWN,UNKNOWN,A+D,是,未提取,RAW,已发布,L0,,知乎创作中心-内容管理,2026-07-27T17:59:00+03:00,
answer_2056050021309666323,你是怎么发现职场都是一个草台班子的？？,回答,发布于 07-02,https://www.zhihu.com/answer/2056050021309666323,282,3,0,1,38,134.75,HIST-02,知乎创作中心-内容管理,结果完整/标签待补,UNKNOWN,UNKNOWN,UNKNOWN,UNKNOWN,UNKNOWN,A+B+D,是,未提取,RAW,已发布,L0,,知乎创作中心-内容管理,2026-07-27T17:59:00+03:00,
answer_2055792541509891143,为什么领导对你评价不低，但是一遇到晋升机会就把你往后摆？,回答,发布于 07-01,https://www.zhihu.com/answer/2055792541509891143,471,8,0,5,,,HIST-02,知乎创作中心-内容管理,阅读完整/收益待补,UNKNOWN,UNKNOWN,UNKNOWN,UNKNOWN,UNKNOWN,,否,未提取,RAW,已发布,L0,,知乎创作中心-内容管理,2026-07-27T17:59:00+03:00,
answer_2055788329006784796,好领导一般都什么样？,回答,发布于 07-01,https://www.zhihu.com/answer/2055788329006784796,440,7,0,7,91,206.82,HIST-02,知乎创作中心-内容管理,结果完整/标签待补,UNKNOWN,UNKNOWN,UNKNOWN,UNKNOWN,UNKNOWN,A+B+D,是,未提取,RAW,已发布,L0,,知乎创作中心-内容管理,2026-07-27T17:59:00+03:00,
answer_2055782599260426267,领导喜欢下属团结还是不团结？,回答,发布于 07-01,https://www.zhihu.com/answer/2055782599260426267,658,10,0,11,,,HIST-02,知乎创作中心-内容管理,阅读完整/收益待补,UNKNOWN,UNKNOWN,UNKNOWN,UNKNOWN,UNKNOWN,,否,未提取,RAW,已发布,L0,,知乎创作中心-内容管理,2026-07-27T17:59:00+03:00,
answer_2055068418550798191,你能接受老板只是将你当成了一个「工具人」，而不是有感情的对待你吗？,回答,发布于 06-29,https://www.zhihu.com/answer/2055068418550798191,80,2,0,4,,,HIST-02,知乎创作中心-内容管理,阅读完整/收益待补,UNKNOWN,UNKNOWN,UNKNOWN,UNKNOWN,UNKNOWN,,否,未提取,RAW,已发布,L0,,知乎创作中心-内容管理,2026-07-27T17:59:00+03:00,
answer_2054975156846604604,为什么裁员裁的都是干活的？,回答,发布于 06-29,https://www.zhihu.com/answer/2054975156846604604,1010,8,1,7,,,HIST-02,知乎创作中心-内容管理,阅读完整/收益待补,UNKNOWN,UNKNOWN,UNKNOWN,UNKNOWN,UNKNOWN,,否,未提取,RAW,已发布,L0,,知乎创作中心-内容管理,2026-07-27T17:59:00+03:00,
pin_2054964213148399357,领导的威严，不是让人怕你。,想法,发布于 06-29,https://www.zhihu.com/pin/2054964213148399357,165,0,0,,,,HIST-02,知乎创作中心-内容管理,阅读完整/收益待补,UNKNOWN,UNKNOWN,UNKNOWN,UNKNOWN,UNKNOWN,,否,未提取,RAW,已发布,L0,,知乎创作中心-内容管理,2026-07-27T17:59:00+03:00,想法无收藏字段，favorites留空
answer_2054902564374713230,为什么一个部门换领导后往往都容易面临整个部门大换血啊？,回答,发布于 06-29,https://www.zhihu.com/answer/2054902564374713230,809,8,0,7,,,HIST-02,知乎创作中心-内容管理,阅读完整/收益待补,UNKNOWN,UNKNOWN,UNKNOWN,UNKNOWN,UNKNOWN,,否,未提取,RAW,已发布,L0,,知乎创作中心-内容管理,2026-07-27T17:59:00+03:00,
answer_2054898094542696523,为什么有的领导仅凭一次聊天就能知道某些人不堪大用？,回答,发布于 06-29,https://www.zhihu.com/answer/2054898094542696523,471,6,0,6,,,HIST-02,知乎创作中心-内容管理,阅读完整/收益待补,UNKNOWN,UNKNOWN,UNKNOWN,UNKNOWN,UNKNOWN,,否,未提取,RAW,已发布,L0,,知乎创作中心-内容管理,2026-07-27T17:59:00+03:00,
answer_2054893689000966034,为什么很多人一当上领导性格就变了？,回答,发布于 06-29,https://www.zhihu.com/answer/2054893689000966034,151,1,0,0,,,HIST-02,知乎创作中心-内容管理,阅读完整/收益待补,UNKNOWN,UNKNOWN,UNKNOWN,UNKNOWN,UNKNOWN,,否,未提取,RAW,已发布,L0,,知乎创作中心-内容管理,2026-07-27T17:59:00+03:00,
answer_2054590834364912396,领导的威严是怎么树立起来的？,回答,发布于 06-28,https://www.zhihu.com/answer/2054590834364912396,3.9 万,864,37,1567,,,HIST-02,知乎创作中心-内容管理,阅读完整/收益待补,UNKNOWN,UNKNOWN,UNKNOWN,UNKNOWN,UNKNOWN,,否,未提取,RAW,已发布,L0,,知乎创作中心-内容管理,2026-07-27T17:59:00+03:00,
answer_2054587784929751057,刚上任的管理者，接手了一支人心涣散的团队，该怎样破局？,回答,发布于 06-28,https://www.zhihu.com/answer/2054587784929751057,241,2,0,5,,,HIST-02,知乎创作中心-内容管理,阅读完整/收益待补,UNKNOWN,UNKNOWN,UNKNOWN,UNKNOWN,UNKNOWN,,否,未提取,RAW,已发布,L0,,知乎创作中心-内容管理,2026-07-27T17:59:00+03:00,
answer_2054574617294018451,到底是工作需要我，还是我需要工作？,回答,发布于 06-28,https://www.zhihu.com/answer/2054574617294018451,50,0,0,2,,,HIST-02,知乎创作中心-内容管理,阅读完整/收益待补,UNKNOWN,UNKNOWN,UNKNOWN,UNKNOWN,UNKNOWN,,否,未提取,RAW,已发布,L0,,知乎创作中心-内容管理,2026-07-27T17:59:00+03:00,
answer_2054353693386990646,什么样的员工容易被提拔为管理层？,回答,发布于 06-27,https://www.zhihu.com/answer/2054353693386990646,1289,14,0,18,431,334.37,HIST-02,知乎创作中心-内容管理,结果完整/标签待补,UNKNOWN,UNKNOWN,UNKNOWN,UNKNOWN,UNKNOWN,A+B,是,未提取,RAW,已发布,L0,,知乎创作中心-内容管理,2026-07-27T17:59:00+03:00,收益来源：知乎TOP10事实包_V1_给GPT复盘.md
answer_2054240797424346875,领导总说“年轻人不要太计较工资，要先成长”，这句话到底是善意提醒，还是职场 PUA？,回答,发布于 06-27,https://www.zhihu.com/answer/2054240797424346875,126,1,0,2,,,HIST-02,知乎创作中心-内容管理,阅读完整/收益待补,UNKNOWN,UNKNOWN,UNKNOWN,UNKNOWN,UNKNOWN,,否,未提取,RAW,已发布,L0,,知乎创作中心-内容管理,2026-07-27T17:59:00+03:00,
answer_2054232041546425500,作为管理者，有哪些事情不能对员工讲？,回答,发布于 06-27,https://www.zhihu.com/answer/2054232041546425500,870,12,1,33,484,556.32,HIST-03,知乎创作中心-内容管理,结果完整/标签待补,UNKNOWN,UNKNOWN,UNKNOWN,UNKNOWN,UNKNOWN,A+B,是,未提取,RAW,已发布,L0,,知乎创作中心-内容管理,2026-07-27T17:59:00+03:00,收益来源：知乎TOP10事实包_V1_给GPT复盘.md
answer_2054228397761597810,公司不景气，进行大裁员后，老板却提拔你，让你留下与公司共患难，许诺经营转好后分你股份，你会留下来吗？,回答,发布于 06-27,https://www.zhihu.com/answer/2054228397761597810,81,1,0,1,,,HIST-03,知乎创作中心-内容管理,阅读完整/收益待补,UNKNOWN,UNKNOWN,UNKNOWN,UNKNOWN,UNKNOWN,,否,未提取,RAW,已发布,L0,,知乎创作中心-内容管理,2026-07-27T17:59:00+03:00,
pin_2054207387855217572,乐于交流 徽章佩戴留念，期待在知乎继续前行，探索无尽可能。,想法,发布于 06-27,https://www.zhihu.com/pin/2054207387855217572,78,0,0,,,,HIST-03,知乎创作中心-内容管理,阅读完整/收益待补,UNKNOWN,UNKNOWN,UNKNOWN,UNKNOWN,UNKNOWN,,否,未提取,RAW,已发布,L0,,知乎创作中心-内容管理,2026-07-27T17:59:00+03:00,想法无收藏字段，favorites留空
pin_2054205350237229211,做过几年，也踩过不少坑。后来才发现，老板真正难的不是“管人”，而是客户、现金流、交付、团队和风险都压在一套系统里。外面看是老板，里面其实经常是最后一个兜底的人。,想法,发布于 06-27,https://www.zhihu.com/pin/2054205350237229211,77,0,0,,,,HIST-03,知乎创作中心-内容管理,阅读完整/收益待补,UNKNOWN,UNKNOWN,UNKNOWN,UNKNOWN,UNKNOWN,,否,未提取,RAW,已发布,L0,,知乎创作中心-内容管理,2026-07-27T17:59:00+03:00,想法无收藏字段，favorites留空
p_2053941871722895279,什么事情是我当了老板才知道的？,文章,编辑于 06-26,https://zhuanlan.zhihu.com/p/2053941871722895279,628,12,2,11,27,42.99,HIST-03,知乎创作中心-内容管理,结果完整/标签待补,UNKNOWN,UNKNOWN,UNKNOWN,UNKNOWN,UNKNOWN,C+D,是,未提取,RAW,已发布,L0,,知乎创作中心-内容管理,2026-07-27T17:59:00+03:00,
answer_2053893528665823152,职场中的人才，到底是「选拔」出来的还是「培养」出来的？,回答,发布于 06-26,https://www.zhihu.com/answer/2053893528665823152,796,14,0,13,420,527.64,HIST-03,知乎创作中心-内容管理,结果完整/标签待补,UNKNOWN,UNKNOWN,UNKNOWN,UNKNOWN,UNKNOWN,A+B,是,未提取,RAW,已发布,L0,,知乎创作中心-内容管理,2026-07-27T17:59:00+03:00,收益来源：知乎TOP10事实包_V1_给GPT复盘.md
answer_2053867781590988761,为什么你的建议明明是「对」的，但是老板就是不听？,回答,发布于 06-26,https://www.zhihu.com/answer/2053867781590988761,84,3,0,2,,,HIST-03,知乎创作中心-内容管理,阅读完整/收益待补,UNKNOWN,UNKNOWN,UNKNOWN,UNKNOWN,UNKNOWN,,否,未提取,RAW,已发布,L0,,知乎创作中心-内容管理,2026-07-27T17:59:00+03:00,
answer_2053865051048654496,为什么很多人学习了大量的商业知识，别人的成功方法，成功案例，但是自己却还是失败的？,回答,发布于 06-26,https://www.zhihu.com/answer/2053865051048654496,76,0,0,6,,,HIST-03,知乎创作中心-内容管理,阅读完整/收益待补,UNKNOWN,UNKNOWN,UNKNOWN,UNKNOWN,UNKNOWN,,否,未提取,RAW,已发布,L0,,知乎创作中心-内容管理,2026-07-27T17:59:00+03:00,
pin_2053487945433211510,客户靠自己找。,想法,发布于 06-25,https://www.zhihu.com/pin/2053487945433211510,250,1,0,,,,HIST-03,知乎创作中心-内容管理,阅读完整/收益待补,UNKNOWN,UNKNOWN,UNKNOWN,UNKNOWN,UNKNOWN,,否,未提取,RAW,已发布,L0,,知乎创作中心-内容管理,2026-07-27T17:59:00+03:00,想法无收藏字段，favorites留空
answer_2053486147595194574,为什么有些领导一上来就喜欢裁员，把团队里的全部老人都裁掉，再去外面招新人？,回答,发布于 06-25,https://www.zhihu.com/answer/2053486147595194574,310,8,0,2,,,HIST-03,知乎创作中心-内容管理,阅读完整/收益待补,UNKNOWN,UNKNOWN,UNKNOWN,UNKNOWN,UNKNOWN,,否,未提取,RAW,已发布,L0,,知乎创作中心-内容管理,2026-07-27T17:59:00+03:00,
answer_2053482385552021494,为什么成功人士的精力都非常旺盛？,回答,发布于 06-25,https://www.zhihu.com/answer/2053482385552021494,278,3,0,2,32,115.11,HIST-03,知乎创作中心-内容管理,结果完整/标签待补,UNKNOWN,UNKNOWN,UNKNOWN,UNKNOWN,UNKNOWN,B+C+D,是,未提取,RAW,已发布,L0,,知乎创作中心-内容管理,2026-07-27T17:59:00+03:00,
answer_2053480564645269807,一个单位的管理乱不乱，看哪里能看出来？,回答,发布于 06-25,https://www.zhihu.com/answer/2053480564645269807,537,3,0,2,,,HIST-03,知乎创作中心-内容管理,阅读完整/收益待补,UNKNOWN,UNKNOWN,UNKNOWN,UNKNOWN,UNKNOWN,,否,未提取,RAW,已发布,L0,,知乎创作中心-内容管理,2026-07-27T17:59:00+03:00,
answer_2053220343368757946,在知乎上泡这么久，工作、生活、工资还是没有起色是什么原因？,回答,发布于 06-24,https://www.zhihu.com/answer/2053220343368757946,244,8,0,9,,,HIST-03,知乎创作中心-内容管理,阅读完整/收益待补,UNKNOWN,UNKNOWN,UNKNOWN,UNKNOWN,UNKNOWN,,否,未提取,RAW,已发布,L0,,知乎创作中心-内容管理,2026-07-27T17:59:00+03:00,
answer_2053157392792261415,如果哪天你失业了，到处都找不到工作你该怎么办？,回答,发布于 06-24,https://www.zhihu.com/answer/2053157392792261415,832,7,0,7,,,HIST-03,知乎创作中心-内容管理,阅读完整/收益待补,UNKNOWN,UNKNOWN,UNKNOWN,UNKNOWN,UNKNOWN,,否,未提取,RAW,已发布,L0,,知乎创作中心-内容管理,2026-07-27T17:59:00+03:00,
answer_2053150670178595072,销售那么挣钱，为什么大家不愿意做销售？,回答,发布于 06-24,https://www.zhihu.com/answer/2053150670178595072,235,5,0,8,78,331.91,HIST-03,知乎创作中心-内容管理,结果完整/标签待补,UNKNOWN,UNKNOWN,UNKNOWN,UNKNOWN,UNKNOWN,A+B+D,是,未提取,RAW,已发布,L0,,知乎创作中心-内容管理,2026-07-27T17:59:00+03:00,
answer_2053145297379923071,什么事情是你当了老板才知道的？,回答,发布于 06-24,https://www.zhihu.com/answer/2053145297379923071,4.4 万,720,64,1193,17128,389.27,HIST-03,知乎创作中心-内容管理,结果完整/标签待补,UNKNOWN,UNKNOWN,UNKNOWN,UNKNOWN,UNKNOWN,A+B,是,未提取,RAW,已发布,L0,,知乎创作中心-内容管理,2026-07-27T17:59:00+03:00,收益来源：知乎TOP10事实包_V1_给GPT复盘.md
answer_2053140800012391180,中年失业出路在哪？,回答,发布于 06-24,https://www.zhihu.com/answer/2053140800012391180,988,6,0,14,100,101.21,HIST-03,知乎创作中心-内容管理,结果完整/标签待补,UNKNOWN,UNKNOWN,UNKNOWN,UNKNOWN,UNKNOWN,A+B,是,未提取,RAW,已发布,L0,,知乎创作中心-内容管理,2026-07-27T17:59:00+03:00,
answer_2052750811852285823,如果读书不能改变阶层，我们努力的意义到底是什么？,回答,发布于 06-23,https://www.zhihu.com/answer/2052750811852285823,46,2,0,4,,,HIST-03,知乎创作中心-内容管理,阅读完整/收益待补,UNKNOWN,UNKNOWN,UNKNOWN,UNKNOWN,UNKNOWN,,否,未提取,RAW,已发布,L0,,知乎创作中心-内容管理,2026-07-27T17:59:00+03:00,
answer_2052522859554156734,普通人怎么才能实现财务自由？,回答,发布于 06-22,https://www.zhihu.com/answer/2052522859554156734,553,7,0,18,102,184.45,HIST-03,知乎创作中心-内容管理,结果完整/标签待补,UNKNOWN,UNKNOWN,UNKNOWN,UNKNOWN,UNKNOWN,A+B,是,未提取,RAW,已发布,L0,,知乎创作中心-内容管理,2026-07-27T17:59:00+03:00,
answer_2052435404134127226,管理的本质是决策还是协调？,回答,发布于 06-22,https://www.zhihu.com/answer/2052435404134127226,171,1,0,6,35,204.68,HIST-03,知乎创作中心-内容管理,结果完整/标签待补,UNKNOWN,UNKNOWN,UNKNOWN,UNKNOWN,UNKNOWN,A+B+D,是,未提取,RAW,已发布,L0,,知乎创作中心-内容管理,2026-07-27T17:59:00+03:00,
answer_2052418502003257602,什么时候才会实现财富自由？,回答,发布于 06-22,https://www.zhihu.com/answer/2052418502003257602,408,2,4,1,12,29.41,HIST-03,知乎创作中心-内容管理,结果完整/标签待补,UNKNOWN,UNKNOWN,UNKNOWN,UNKNOWN,UNKNOWN,C+D,是,未提取,RAW,已发布,L0,,知乎创作中心-内容管理,2026-07-27T17:59:00+03:00,
answer_2052413467433473704,为什么有的人完全不懂技术，却可以做到管理层？,回答,发布于 06-22,https://www.zhihu.com/answer/2052413467433473704,146,2,0,3,,,HIST-03,知乎创作中心-内容管理,阅读完整/收益待补,UNKNOWN,UNKNOWN,UNKNOWN,UNKNOWN,UNKNOWN,,否,未提取,RAW,已发布,L0,,知乎创作中心-内容管理,2026-07-27T17:59:00+03:00,
answer_2052166992531027845,为什么现在的年轻人创业经常失败？,回答,发布于 06-21,https://www.zhihu.com/answer/2052166992531027845,315,4,0,10,94,298.41,HIST-03,知乎创作中心-内容管理,结果完整/标签待补,UNKNOWN,UNKNOWN,UNKNOWN,UNKNOWN,UNKNOWN,A+B+D,是,未提取,RAW,已发布,L0,,知乎创作中心-内容管理,2026-07-27T17:59:00+03:00,
answer_2052163119733118771,苦难为什么只找穷人?,回答,发布于 06-21,https://www.zhihu.com/answer/2052163119733118771,64,1,0,0,,,HIST-03,知乎创作中心-内容管理,阅读完整/收益待补,UNKNOWN,UNKNOWN,UNKNOWN,UNKNOWN,UNKNOWN,,否,未提取,RAW,已发布,L0,,知乎创作中心-内容管理,2026-07-27T17:59:00+03:00,
answer_2051789228971914350,人真的无法取得认知以外的钱吗？,回答,发布于 06-20,https://www.zhihu.com/answer/2051789228971914350,93,1,0,2,,,HIST-03,知乎创作中心-内容管理,阅读完整/收益待补,UNKNOWN,UNKNOWN,UNKNOWN,UNKNOWN,UNKNOWN,,否,未提取,RAW,已发布,L0,,知乎创作中心-内容管理,2026-07-27T17:59:00+03:00,
answer_2051770988170421748,现在都说大环境不好，谁都没有钱，那么钱到底去哪了？,回答,发布于 06-20,https://www.zhihu.com/answer/2051770988170421748,1410,8,1,14,,,HIST-03,知乎创作中心-内容管理,阅读完整/收益待补,UNKNOWN,UNKNOWN,UNKNOWN,UNKNOWN,UNKNOWN,,否,未提取,RAW,已发布,L0,,知乎创作中心-内容管理,2026-07-27T17:59:00+03:00,
answer_2051359367144986316,现在社会普通人的出路在哪里？,回答,发布于 06-19,https://www.zhihu.com/answer/2051359367144986316,103,3,0,2,,,HIST-03,知乎创作中心-内容管理,阅读完整/收益待补,UNKNOWN,UNKNOWN,UNKNOWN,UNKNOWN,UNKNOWN,,否,未提取,RAW,已发布,L0,,知乎创作中心-内容管理,2026-07-27T17:59:00+03:00,
answer_2051324842570428685,为什么说一个人到了35岁，阶层基本就定型了？,回答,发布于 06-19,https://www.zhihu.com/answer/2051324842570428685,145,3,0,0,,,HIST-03,知乎创作中心-内容管理,阅读完整/收益待补,UNKNOWN,UNKNOWN,UNKNOWN,UNKNOWN,UNKNOWN,,否,未提取,RAW,已发布,L0,,知乎创作中心-内容管理,2026-07-27T17:59:00+03:00,
answer_2051077928444752820,为什么大多数人没有200万存款？,回答,发布于 06-18,https://www.zhihu.com/answer/2051077928444752820,310,2,0,0,,,HIST-03,知乎创作中心-内容管理,阅读完整/收益待补,UNKNOWN,UNKNOWN,UNKNOWN,UNKNOWN,UNKNOWN,,否,未提取,RAW,已发布,L0,,知乎创作中心-内容管理,2026-07-27T17:59:00+03:00,
answer_2051068881549137137,为什么我们总是把自身价值的定价权拱手让人？,回答,发布于 06-18,https://www.zhihu.com/answer/2051068881549137137,53,3,0,1,,,HIST-03,知乎创作中心-内容管理,阅读完整/收益待补,UNKNOWN,UNKNOWN,UNKNOWN,UNKNOWN,UNKNOWN,,否,未提取,RAW,已发布,L0,,知乎创作中心-内容管理,2026-07-27T17:59:00+03:00,
answer_2050670671613654994,中国人想要休息，真的只有辞职吗？,回答,发布于 06-17,https://www.zhihu.com/answer/2050670671613654994,1293,3,1,5,,,HIST-03,知乎创作中心-内容管理,阅读完整/收益待补,UNKNOWN,UNKNOWN,UNKNOWN,UNKNOWN,UNKNOWN,,否,未提取,RAW,已发布,L0,,知乎创作中心-内容管理,2026-07-27T17:59:00+03:00,
answer_2050607952608993687,958毕业，回到县城工作的人们，你们现在过得怎么样？觉得亏不亏？,回答,发布于 06-17,https://www.zhihu.com/answer/2050607952608993687,102,1,0,0,,,HIST-03,知乎创作中心-内容管理,阅读完整/收益待补,UNKNOWN,UNKNOWN,UNKNOWN,UNKNOWN,UNKNOWN,,否,未提取,RAW,已发布,L0,,知乎创作中心-内容管理,2026-07-27T17:59:00+03:00,
answer_2050325219429061311,普通人真的一年连10万元人民币都挣不到吗？,回答,发布于 06-16,https://www.zhihu.com/answer/2050325219429061311,16,1,0,0,,,HIST-03,知乎创作中心-内容管理,阅读完整/收益待补,UNKNOWN,UNKNOWN,UNKNOWN,UNKNOWN,UNKNOWN,,否,未提取,RAW,已发布,L0,,知乎创作中心-内容管理,2026-07-27T17:59:00+03:00,
answer_2050263891800745875,为什么现在许多年轻人宁愿待业也不找工作？,回答,发布于 06-16,https://www.zhihu.com/answer/2050263891800745875,277,3,0,2,,,HIST-03,知乎创作中心-内容管理,阅读完整/收益待补,UNKNOWN,UNKNOWN,UNKNOWN,UNKNOWN,UNKNOWN,,否,未提取,RAW,已发布,L0,,知乎创作中心-内容管理,2026-07-27T17:59:00+03:00,
answer_2050261733617439584,人到底经历什么，才能大彻大悟？,回答,发布于 06-16,https://www.zhihu.com/answer/2050261733617439584,59,1,0,2,,,HIST-03,知乎创作中心-内容管理,阅读完整/收益待补,UNKNOWN,UNKNOWN,UNKNOWN,UNKNOWN,UNKNOWN,,否,未提取,RAW,已发布,L0,,知乎创作中心-内容管理,2026-07-27T17:59:00+03:00,
answer_2049962038076745419,年轻时靠拼命存钱、克制消费，到三十岁真的会和别人拉开差距吗？,回答,发布于 06-15,https://www.zhihu.com/answer/2049962038076745419,476,2,3,3,,,HIST-03,知乎创作中心-内容管理,阅读完整/收益待补,UNKNOWN,UNKNOWN,UNKNOWN,UNKNOWN,UNKNOWN,,否,未提取,RAW,已发布,L0,,知乎创作中心-内容管理,2026-07-27T17:59:00+03:00,
answer_2049891558510552408,为什么大多数人没有超强的执行力？,回答,发布于 06-15,https://www.zhihu.com/answer/2049891558510552408,92,1,0,0,,,HIST-03,知乎创作中心-内容管理,阅读完整/收益待补,UNKNOWN,UNKNOWN,UNKNOWN,UNKNOWN,UNKNOWN,,否,未提取,RAW,已发布,L0,,知乎创作中心-内容管理,2026-07-27T17:59:00+03:00,
answer_2049878143159346961,为什么当代社会焦虑现象越来越普遍？,回答,发布于 06-15,https://www.zhihu.com/answer/2049878143159346961,281,2,0,2,,,HIST-03,知乎创作中心-内容管理,阅读完整/收益待补,UNKNOWN,UNKNOWN,UNKNOWN,UNKNOWN,UNKNOWN,,否,未提取,RAW,已发布,L0,,知乎创作中心-内容管理,2026-07-27T17:59:00+03:00,
answer_2049566271080080854,你觉得一人创业，一人公司起步最难的是什么？,回答,发布于 06-14,https://www.zhihu.com/answer/2049566271080080854,96,2,0,1,,,HIST-03,知乎创作中心-内容管理,阅读完整/收益待补,UNKNOWN,UNKNOWN,UNKNOWN,UNKNOWN,UNKNOWN,,否,未提取,RAW,已发布,L0,,知乎创作中心-内容管理,2026-07-27T17:59:00+03:00,
answer_2049565225372987444,为什么很多小企业没有战略定力？,回答,发布于 06-14,https://www.zhihu.com/answer/2049565225372987444,98,1,1,2,,,HIST-03,知乎创作中心-内容管理,阅读完整/收益待补,UNKNOWN,UNKNOWN,UNKNOWN,UNKNOWN,UNKNOWN,,否,未提取,RAW,已发布,L0,,知乎创作中心-内容管理,2026-07-27T17:59:00+03:00,
answer_2049537463798994800,什么样的人最有可能跨越阶层？,回答,发布于 06-14,https://www.zhihu.com/answer/2049537463798994800,116,0,0,0,,,HIST-03,知乎创作中心-内容管理,阅读完整/收益待补,UNKNOWN,UNKNOWN,UNKNOWN,UNKNOWN,UNKNOWN,,否,未提取,RAW,已发布,L0,,知乎创作中心-内容管理,2026-07-27T17:59:00+03:00,
answer_2049506954930919114,当代年轻人如何破局？,回答,发布于 06-14,https://www.zhihu.com/answer/2049506954930919114,162,2,0,2,,,HIST-03,知乎创作中心-内容管理,阅读完整/收益待补,UNKNOWN,UNKNOWN,UNKNOWN,UNKNOWN,UNKNOWN,,否,未提取,RAW,已发布,L0,,知乎创作中心-内容管理,2026-07-27T17:59:00+03:00,
answer_2049495584235697589,对于穷人来说高考真的是唯一的出路吗？,回答,发布于 06-14,https://www.zhihu.com/answer/2049495584235697589,57,1,0,3,,,HIST-03,知乎创作中心-内容管理,阅读完整/收益待补,UNKNOWN,UNKNOWN,UNKNOWN,UNKNOWN,UNKNOWN,,否,未提取,RAW,已发布,L0,,知乎创作中心-内容管理,2026-07-27T17:59:00+03:00,
answer_2049166277013459385,找工作时，薪资、发展前景和工作生活平衡，你会优先选哪个？,回答,发布于 06-13,https://www.zhihu.com/answer/2049166277013459385,132,2,0,1,,,HIST-03,知乎创作中心-内容管理,阅读完整/收益待补,UNKNOWN,UNKNOWN,UNKNOWN,UNKNOWN,UNKNOWN,,否,未提取,RAW,已发布,L0,,知乎创作中心-内容管理,2026-07-27T17:59:00+03:00,
answer_2048851950859563263,做销售，最怕的是什么？,回答,发布于 06-12,https://www.zhihu.com/answer/2048851950859563263,226,4,2,1,,,HIST-03,知乎创作中心-内容管理,阅读完整/收益待补,UNKNOWN,UNKNOWN,UNKNOWN,UNKNOWN,UNKNOWN,,否,未提取,RAW,已发布,L0,,知乎创作中心-内容管理,2026-07-27T17:59:00+03:00,
answer_2048775676862403438,为什么越来越多人觉得高考改变不了命运？,回答,发布于 06-12,https://www.zhihu.com/answer/2048775676862403438,243,3,0,0,,,HIST-03,知乎创作中心-内容管理,阅读完整/收益待补,UNKNOWN,UNKNOWN,UNKNOWN,UNKNOWN,UNKNOWN,,否,未提取,RAW,已发布,L0,,知乎创作中心-内容管理,2026-07-27T17:59:00+03:00,
answer_2048453798197311175,在当前环境下，稳定和发展哪个对职业更重要？,回答,发布于 06-11,https://www.zhihu.com/answer/2048453798197311175,121,4,0,1,,,HIST-03,知乎创作中心-内容管理,阅读完整/收益待补,UNKNOWN,UNKNOWN,UNKNOWN,UNKNOWN,UNKNOWN,,否,未提取,RAW,已发布,L0,,知乎创作中心-内容管理,2026-07-27T17:59:00+03:00,
answer_2048435552316396115,「普通人难获大结果，能力非关键」的说法你认同吗？,回答,发布于 06-11,https://www.zhihu.com/answer/2048435552316396115,35,0,0,1,,,HIST-03,知乎创作中心-内容管理,阅读完整/收益待补,UNKNOWN,UNKNOWN,UNKNOWN,UNKNOWN,UNKNOWN,,否,未提取,RAW,已发布,L0,,知乎创作中心-内容管理,2026-07-27T17:59:00+03:00,
answer_2048124078108759083,战略到底是什么？,回答,发布于 06-10,https://www.zhihu.com/answer/2048124078108759083,254,7,4,20,,,HIST-03,知乎创作中心-内容管理,阅读完整/收益待补,UNKNOWN,UNKNOWN,UNKNOWN,UNKNOWN,UNKNOWN,,否,未提取,RAW,已发布,L0,,知乎创作中心-内容管理,2026-07-27T17:59:00+03:00,
answer_2048060397668799025,如何破解企业中的“错位管理”，为什么老板越忙，组织效率越低？,回答,发布于 06-10,https://www.zhihu.com/answer/2048060397668799025,82,2,0,3,,,HIST-03,知乎创作中心-内容管理,阅读完整/收益待补,UNKNOWN,UNKNOWN,UNKNOWN,UNKNOWN,UNKNOWN,,否,未提取,RAW,已发布,L0,,知乎创作中心-内容管理,2026-07-27T17:59:00+03:00,
answer_2047796908547166728,社会上衡量一个人成功与否的标准是什么？,回答,发布于 06-09,https://www.zhihu.com/answer/2047796908547166728,89,2,0,1,,,HIST-04,知乎创作中心-内容管理,阅读完整/收益待补,UNKNOWN,UNKNOWN,UNKNOWN,UNKNOWN,UNKNOWN,,否,未提取,RAW,已发布,L0,,知乎创作中心-内容管理,2026-07-27T17:59:00+03:00,
answer_2047329103540492275,中小企业战略落地最常见的卡点是什么？,回答,发布于 06-08,https://www.zhihu.com/answer/2047329103540492275,115,3,0,2,,,HIST-04,知乎创作中心-内容管理,阅读完整/收益待补,UNKNOWN,UNKNOWN,UNKNOWN,UNKNOWN,UNKNOWN,,否,未提取,RAW,已发布,L0,,知乎创作中心-内容管理,2026-07-27T17:59:00+03:00,
answer_2047030703498568645,毕业后，有没有哪件事让你第一次感受到：原来自己已经不是学生了？,回答,发布于 06-07,https://www.zhihu.com/answer/2047030703498568645,5062,189,3,75,,,HIST-04,知乎创作中心-内容管理,阅读完整/收益待补,UNKNOWN,UNKNOWN,UNKNOWN,UNKNOWN,UNKNOWN,,否,未提取,RAW,已发布,L0,,知乎创作中心-内容管理,2026-07-27T17:59:00+03:00,
answer_2046753806919131850,为什么以前叫资本家，现在叫企业家呢？,回答,发布于 06-06,https://www.zhihu.com/answer/2046753806919131850,49,2,0,2,,,HIST-04,知乎创作中心-内容管理,阅读完整/收益待补,UNKNOWN,UNKNOWN,UNKNOWN,UNKNOWN,UNKNOWN,,否,未提取,RAW,已发布,L0,,知乎创作中心-内容管理,2026-07-27T17:59:00+03:00,
answer_2046606807397879943,穷人是怎么致富的？,回答,发布于 06-06,https://www.zhihu.com/answer/2046606807397879943,82,0,0,0,,,HIST-04,知乎创作中心-内容管理,阅读完整/收益待补,UNKNOWN,UNKNOWN,UNKNOWN,UNKNOWN,UNKNOWN,,否,未提取,RAW,已发布,L0,,知乎创作中心-内容管理,2026-07-27T17:59:00+03:00,
answer_2046274558034961007,找到本质的方法是什么？,回答,发布于 06-05,https://www.zhihu.com/answer/2046274558034961007,93,3,0,1,,,HIST-04,知乎创作中心-内容管理,阅读完整/收益待补,UNKNOWN,UNKNOWN,UNKNOWN,UNKNOWN,UNKNOWN,,否,未提取,RAW,已发布,L0,,知乎创作中心-内容管理,2026-07-27T17:59:00+03:00,
answer_2045901952949736557,夕阳专业，人生迷茫阶段，如何破局？,回答,发布于 06-04,https://www.zhihu.com/answer/2045901952949736557,60,4,0,2,,,HIST-04,知乎创作中心-内容管理,阅读完整/收益待补,UNKNOWN,UNKNOWN,UNKNOWN,UNKNOWN,UNKNOWN,,否,未提取,RAW,已发布,L0,,知乎创作中心-内容管理,2026-07-27T17:59:00+03:00,
answer_2045893705719199320,今年挣钱很难，不知道明年怎么样？2026年对于普通人找活干，打螺丝，不知道机会可有？…？,回答,发布于 06-04,https://www.zhihu.com/answer/2045893705719199320,57,1,0,0,,,HIST-04,知乎创作中心-内容管理,阅读完整/收益待补,UNKNOWN,UNKNOWN,UNKNOWN,UNKNOWN,UNKNOWN,,否,未提取,RAW,已发布,L0,,知乎创作中心-内容管理,2026-07-27T17:59:00+03:00,
answer_2045542636187119695,战略的本质到底是什么（附参考答案）？,回答,发布于 06-03,https://www.zhihu.com/answer/2045542636187119695,472,13,0,46,,,HIST-04,知乎创作中心-内容管理,阅读完整/收益待补,UNKNOWN,UNKNOWN,UNKNOWN,UNKNOWN,UNKNOWN,,否,未提取,RAW,已发布,L0,,知乎创作中心-内容管理,2026-07-27T17:59:00+03:00,
answer_2045180777005060739,你为什么想当老板？,回答,发布于 06-02,https://www.zhihu.com/answer/2045180777005060739,221,1,2,2,,,HIST-04,知乎创作中心-内容管理,阅读完整/收益待补,UNKNOWN,UNKNOWN,UNKNOWN,UNKNOWN,UNKNOWN,,否,未提取,RAW,已发布,L0,,知乎创作中心-内容管理,2026-07-27T17:59:00+03:00,
answer_2045151182084105805,为什么现在很多人越来越难把一件事做完？,回答,发布于 06-02,https://www.zhihu.com/answer/2045151182084105805,157,3,1,5,,,HIST-04,知乎创作中心-内容管理,阅读完整/收益待补,UNKNOWN,UNKNOWN,UNKNOWN,UNKNOWN,UNKNOWN,,否,未提取,RAW,已发布,L0,,知乎创作中心-内容管理,2026-07-27T17:59:00+03:00,
answer_2044894853310501468,当AI能写代码、做分析、出方案，我们靠什么思维来规划自己的职业成长？,回答,发布于 06-01,https://www.zhihu.com/answer/2044894853310501468,29,0,1,1,,,HIST-04,知乎创作中心-内容管理,阅读完整/收益待补,UNKNOWN,UNKNOWN,UNKNOWN,UNKNOWN,UNKNOWN,,否,未提取,RAW,已发布,L0,,知乎创作中心-内容管理,2026-07-27T17:59:00+03:00,
answer_2044790943048529135,这是抽象思维与战略思维最重要的区别，你怎么看？,回答,发布于 06-01,https://www.zhihu.com/answer/2044790943048529135,45,2,0,13,,,HIST-04,知乎创作中心-内容管理,阅读完整/收益待补,UNKNOWN,UNKNOWN,UNKNOWN,UNKNOWN,UNKNOWN,,否,未提取,RAW,已发布,L0,,知乎创作中心-内容管理,2026-07-27T17:59:00+03:00,
answer_2044568204664640529,普通人的一生该如何破局?,回答,发布于 05-31,https://www.zhihu.com/answer/2044568204664640529,141,1,0,3,,,HIST-04,知乎创作中心-内容管理,阅读完整/收益待补,UNKNOWN,UNKNOWN,UNKNOWN,UNKNOWN,UNKNOWN,,否,未提取,RAW,已发布,L0,,知乎创作中心-内容管理,2026-07-27T17:59:00+03:00,
answer_2043015329039877573,如何坚持做一件短期看不到回报的事情？,回答,发布于 05-27,https://www.zhihu.com/answer/2043015329039877573,79,3,0,6,,,HIST-04,知乎创作中心-内容管理,阅读完整/收益待补,UNKNOWN,UNKNOWN,UNKNOWN,UNKNOWN,UNKNOWN,,否,未提取,RAW,已发布,L0,,知乎创作中心-内容管理,2026-07-27T17:59:00+03:00,
answer_2042705460743164755,为什么被收割的往往都是穷人?,回答,发布于 05-26,https://www.zhihu.com/answer/2042705460743164755,112,2,0,0,,,HIST-04,知乎创作中心-内容管理,阅读完整/收益待补,UNKNOWN,UNKNOWN,UNKNOWN,UNKNOWN,UNKNOWN,,否,未提取,RAW,已发布,L0,,知乎创作中心-内容管理,2026-07-27T17:59:00+03:00,
answer_2041904131837875193,企业领域为什么会出现战略这一军事术语（附参考答案）？,回答,发布于 05-24,https://www.zhihu.com/answer/2041904131837875193,44,1,0,1,,,HIST-04,知乎创作中心-内容管理,阅读完整/收益待补,UNKNOWN,UNKNOWN,UNKNOWN,UNKNOWN,UNKNOWN,,否,未提取,RAW,已发布,L0,,知乎创作中心-内容管理,2026-07-27T17:59:00+03:00,
answer_2041901198492571609,能不能这样定义战略思维？为什么要这样定义战略思维？,回答,发布于 05-24,https://www.zhihu.com/answer/2041901198492571609,15,2,0,2,,,HIST-04,知乎创作中心-内容管理,阅读完整/收益待补,UNKNOWN,UNKNOWN,UNKNOWN,UNKNOWN,UNKNOWN,,否,未提取,RAW,已发布,L0,,知乎创作中心-内容管理,2026-07-27T17:59:00+03:00,
answer_2041574781628179786,新世纪会成为理论大爆发的年代吗？,回答,发布于 05-23,https://www.zhihu.com/answer/2041574781628179786,106,4,0,6,,,HIST-04,知乎创作中心-内容管理,阅读完整/收益待补,UNKNOWN,UNKNOWN,UNKNOWN,UNKNOWN,UNKNOWN,,否,未提取,RAW,已发布,L0,,知乎创作中心-内容管理,2026-07-27T17:59:00+03:00,
answer_2041566990595346817,26岁男生还一事无成怎么办？,回答,发布于 05-23,https://www.zhihu.com/answer/2041566990595346817,234,2,0,1,,,HIST-04,知乎创作中心-内容管理,阅读完整/收益待补,UNKNOWN,UNKNOWN,UNKNOWN,UNKNOWN,UNKNOWN,,否,未提取,RAW,已发布,L0,,知乎创作中心-内容管理,2026-07-27T17:59:00+03:00,
answer_2041179950925996819,为什么现在的年轻人宁愿主动辞职，也不愿意忍受职场上的精神控制和打压？,回答,发布于 05-22,https://www.zhihu.com/answer/2041179950925996819,347,6,1,9,,,HIST-04,知乎创作中心-内容管理,阅读完整/收益待补,UNKNOWN,UNKNOWN,UNKNOWN,UNKNOWN,UNKNOWN,,否,未提取,RAW,已发布,L0,,知乎创作中心-内容管理,2026-07-27T17:59:00+03:00,
answer_2040941704577032244,老实人值得利用吗？,回答,发布于 05-21,https://www.zhihu.com/answer/2040941704577032244,145,9,0,10,,,HIST-04,知乎创作中心-内容管理,阅读完整/收益待补,UNKNOWN,UNKNOWN,UNKNOWN,UNKNOWN,UNKNOWN,,否,未提取,RAW,已发布,L0,,知乎创作中心-内容管理,2026-07-27T17:59:00+03:00,
answer_2040903275587817983,为什么现在的年轻人都很迷茫，他们在迷茫什么？,回答,发布于 05-21,https://www.zhihu.com/answer/2040903275587817983,139,0,0,0,,,HIST-04,知乎创作中心-内容管理,阅读完整/收益待补,UNKNOWN,UNKNOWN,UNKNOWN,UNKNOWN,UNKNOWN,,否,未提取,RAW,已发布,L0,,知乎创作中心-内容管理,2026-07-27T17:59:00+03:00,
answer_2040105319133622357,人际关系交往为什么要留底牌？什么时候该亮牌、亮剑？,回答,发布于 05-19,https://www.zhihu.com/answer/2040105319133622357,127,1,0,7,,,HIST-04,知乎创作中心-内容管理,阅读完整/收益待补,UNKNOWN,UNKNOWN,UNKNOWN,UNKNOWN,UNKNOWN,,否,未提取,RAW,已发布,L0,,知乎创作中心-内容管理,2026-07-27T17:59:00+03:00,
answer_2040099682353942616,到底谁更有生存优势？,回答,发布于 05-19,https://www.zhihu.com/answer/2040099682353942616,80,0,0,1,,,HIST-04,知乎创作中心-内容管理,阅读完整/收益待补,UNKNOWN,UNKNOWN,UNKNOWN,UNKNOWN,UNKNOWN,,否,未提取,RAW,已发布,L0,,知乎创作中心-内容管理,2026-07-27T17:59:00+03:00,
answer_2039824132741796670,那些白手起家的富豪，他们身上有哪些共同的特质或思维模式？,回答,发布于 05-18,https://www.zhihu.com/answer/2039824132741796670,58,1,0,2,,,HIST-04,知乎创作中心-内容管理,阅读完整/收益待补,UNKNOWN,UNKNOWN,UNKNOWN,UNKNOWN,UNKNOWN,,否,未提取,RAW,已发布,L0,,知乎创作中心-内容管理,2026-07-27T17:59:00+03:00,
answer_2039821877502273024,为什么许多人总是把战略与战略思维混为一谈（附AI元宝的辅助分析）？,回答,发布于 05-18,https://www.zhihu.com/answer/2039821877502273024,18,1,0,3,,,HIST-04,知乎创作中心-内容管理,阅读完整/收益待补,UNKNOWN,UNKNOWN,UNKNOWN,UNKNOWN,UNKNOWN,,否,未提取,RAW,已发布,L0,,知乎创作中心-内容管理,2026-07-27T17:59:00+03:00,
answer_2039450687948448715,如果现在的年轻人都活的清醒，社会会变成什么样？,回答,发布于 05-17,https://www.zhihu.com/answer/2039450687948448715,106,2,0,2,,,HIST-04,知乎创作中心-内容管理,阅读完整/收益待补,UNKNOWN,UNKNOWN,UNKNOWN,UNKNOWN,UNKNOWN,,否,未提取,RAW,已发布,L0,,知乎创作中心-内容管理,2026-07-27T17:59:00+03:00,
answer_2039067372124905667,为什么当代年轻人会陷入“躺平”与“内卷”的矛盾？,回答,发布于 05-16,https://www.zhihu.com/answer/2039067372124905667,83,3,0,2,,,HIST-04,知乎创作中心-内容管理,阅读完整/收益待补,UNKNOWN,UNKNOWN,UNKNOWN,UNKNOWN,UNKNOWN,,否,未提取,RAW,已发布,L0,,知乎创作中心-内容管理,2026-07-27T17:59:00+03:00,
answer_2038743676843714165,穷人该靠什么改变命运？,回答,发布于 05-15,https://www.zhihu.com/answer/2038743676843714165,88,1,0,0,,,HIST-04,知乎创作中心-内容管理,阅读完整/收益待补,UNKNOWN,UNKNOWN,UNKNOWN,UNKNOWN,UNKNOWN,,否,未提取,RAW,已发布,L0,,知乎创作中心-内容管理,2026-07-27T17:59:00+03:00,
answer_2037962779198476798,中国为什么有那么多高认知却处在社会底层的人？,回答,发布于 05-13,https://www.zhihu.com/answer/2037962779198476798,16,0,0,0,,,HIST-04,知乎创作中心-内容管理,阅读完整/收益待补,UNKNOWN,UNKNOWN,UNKNOWN,UNKNOWN,UNKNOWN,,否,未提取,RAW,已发布,L0,,知乎创作中心-内容管理,2026-07-27T17:59:00+03:00,
p_2037956690952320074,我人生第一次真正意义上的“开悟感”其实是看完《天道》以后。。。,文章,编辑于 05-13,https://zhuanlan.zhihu.com/p/2037956690952320074,50,1,0,2,,,HIST-04,知乎创作中心-内容管理,阅读完整/收益待补,UNKNOWN,UNKNOWN,UNKNOWN,UNKNOWN,UNKNOWN,,否,未提取,RAW,已发布,L0,,知乎创作中心-内容管理,2026-07-27T17:59:00+03:00,
answer_2037945901189162211,为什么思考很多，却依然无法改变自己？,回答,发布于 05-13,https://www.zhihu.com/answer/2037945901189162211,16,1,0,1,,,HIST-04,知乎创作中心-内容管理,阅读完整/收益待补,UNKNOWN,UNKNOWN,UNKNOWN,UNKNOWN,UNKNOWN,,否,未提取,RAW,已发布,L0,,知乎创作中心-内容管理,2026-07-27T17:59:00+03:00,
answer_2037716542494876001,为什么我们知道自己问题所在，却无法做出改变？,回答,发布于 05-12,https://www.zhihu.com/answer/2037716542494876001,10,0,0,0,,,HIST-04,知乎创作中心-内容管理,阅读完整/收益待补,UNKNOWN,UNKNOWN,UNKNOWN,UNKNOWN,UNKNOWN,,否,未提取,RAW,已发布,L0,,知乎创作中心-内容管理,2026-07-27T17:59:00+03:00,
answer_2037301152870553304,有谁能告诉我这个社会的底层逻辑吗？,回答,编辑于 05-11,https://www.zhihu.com/answer/2037301152870553304,130,3,0,6,,,HIST-04,知乎创作中心-内容管理,阅读完整/收益待补,UNKNOWN,UNKNOWN,UNKNOWN,UNKNOWN,UNKNOWN,,否,未提取,RAW,已发布,L0,,知乎创作中心-内容管理,2026-07-27T17:59:00+03:00,
answer_2037176369822577725,普通人需要提升认知，还是需要提升执行力？,回答,发布于 05-11,https://www.zhihu.com/answer/2037176369822577725,7,1,0,0,,,HIST-04,知乎创作中心-内容管理,阅读完整/收益待补,UNKNOWN,UNKNOWN,UNKNOWN,UNKNOWN,UNKNOWN,,否,未提取,RAW,已发布,L0,,知乎创作中心-内容管理,2026-07-27T17:59:00+03:00,
answer_2036936724664808060,穷人家的孩子最缺什么?为什么这么难翻身？,回答,编辑于 05-11,https://www.zhihu.com/answer/2036936724664808060,96,4,1,2,,,HIST-04,知乎创作中心-内容管理,阅读完整/收益待补,UNKNOWN,UNKNOWN,UNKNOWN,UNKNOWN,UNKNOWN,,否,未提取,RAW,已发布,L0,,知乎创作中心-内容管理,2026-07-27T17:59:00+03:00,
answer_2036892960231514447,底层人和上层精英的差距到底在哪？,回答,发布于 05-10,https://www.zhihu.com/answer/2036892960231514447,577,7,1,31,,,HIST-04,知乎创作中心-内容管理,阅读完整/收益待补,UNKNOWN,UNKNOWN,UNKNOWN,UNKNOWN,UNKNOWN,,否,未提取,RAW,已发布,L0,,知乎创作中心-内容管理,2026-07-27T17:59:00+03:00,
answer_2036543506630628917,创业为什么会感到苦？,回答,发布于 05-09,https://www.zhihu.com/answer/2036543506630628917,271,3,0,1,,,HIST-04,知乎创作中心-内容管理,阅读完整/收益待补,UNKNOWN,UNKNOWN,UNKNOWN,UNKNOWN,UNKNOWN,,否,未提取,RAW,已发布,L0,,知乎创作中心-内容管理,2026-07-27T17:59:00+03:00,
answer_2035833500021028670,为什么现在的年轻人都活的这么辛苦?,回答,发布于 05-07,https://www.zhihu.com/answer/2035833500021028670,175,2,0,0,,,HIST-04,知乎创作中心-内容管理,阅读完整/收益待补,UNKNOWN,UNKNOWN,UNKNOWN,UNKNOWN,UNKNOWN,,否,未提取,RAW,已发布,L0,,知乎创作中心-内容管理,2026-07-27T17:59:00+03:00,
answer_2035394910463972205,为什么「考公」成为当下年轻人就业的首选之一？,回答,发布于 05-06,https://www.zhihu.com/answer/2035394910463972205,140,1,0,0,,,HIST-04,知乎创作中心-内容管理,阅读完整/收益待补,UNKNOWN,UNKNOWN,UNKNOWN,UNKNOWN,UNKNOWN,,否,未提取,RAW,已发布,L0,,知乎创作中心-内容管理,2026-07-27T17:59:00+03:00,
pin_2035388364875100805,每天逛逛 徽章佩戴留念，期待在知乎继续前行，探索无尽可能。,想法,发布于 05-06,https://www.zhihu.com/pin/2035388364875100805,63,1,0,,,,HIST-04,知乎创作中心-内容管理,阅读完整/收益待补,UNKNOWN,UNKNOWN,UNKNOWN,UNKNOWN,UNKNOWN,,否,未提取,RAW,已发布,L0,,知乎创作中心-内容管理,2026-07-27T17:59:00+03:00,想法无收藏字段，favorites留空
answer_2034782105096410790,穷人思维和富人思维的差别到底在哪里？,回答,发布于 05-04,https://www.zhihu.com/answer/2034782105096410790,65,0,0,2,,,HIST-04,知乎创作中心-内容管理,阅读完整/收益待补,UNKNOWN,UNKNOWN,UNKNOWN,UNKNOWN,UNKNOWN,,否,未提取,RAW,已发布,L0,,知乎创作中心-内容管理,2026-07-27T17:59:00+03:00,
answer_2034286377316114895,在当今社会，底层人的努力奋斗还能改变命运吗？躺平难道是我们唯一的归宿嘛？,回答,发布于 05-03,https://www.zhihu.com/answer/2034286377316114895,57,1,0,0,,,HIST-04,知乎创作中心-内容管理,阅读完整/收益待补,UNKNOWN,UNKNOWN,UNKNOWN,UNKNOWN,UNKNOWN,,否,未提取,RAW,已发布,L0,,知乎创作中心-内容管理,2026-07-27T17:59:00+03:00,
answer_2034079308348659440,底层出身的年轻人，想逆袭先要改掉哪些穷人思维？,回答,发布于 05-02,https://www.zhihu.com/answer/2034079308348659440,121,1,0,1,,,HIST-04,知乎创作中心-内容管理,阅读完整/收益待补,UNKNOWN,UNKNOWN,UNKNOWN,UNKNOWN,UNKNOWN,,否,未提取,RAW,已发布,L0,,知乎创作中心-内容管理,2026-07-27T17:59:00+03:00,
answer_2033945616619976659,为什么有些人明明很努力，却还是很难在工作中做出成绩？,回答,发布于 05-02,https://www.zhihu.com/answer/2033945616619976659,95,1,0,1,,,HIST-04,知乎创作中心-内容管理,阅读完整/收益待补,UNKNOWN,UNKNOWN,UNKNOWN,UNKNOWN,UNKNOWN,,否,未提取,RAW,已发布,L0,,知乎创作中心-内容管理,2026-07-27T17:59:00+03:00,
answer_2033579610575779775,一个二十岁的女生如果想要创业，会经历些什么？,回答,发布于 05-01,https://www.zhihu.com/answer/2033579610575779775,123,1,0,0,,,HIST-04,知乎创作中心-内容管理,阅读完整/收益待补,UNKNOWN,UNKNOWN,UNKNOWN,UNKNOWN,UNKNOWN,,否,未提取,RAW,已发布,L0,,知乎创作中心-内容管理,2026-07-27T17:59:00+03:00,
answer_2033552128418034484,为什么现在赚钱这么容易(不是反话)？,回答,发布于 05-01,https://www.zhihu.com/answer/2033552128418034484,122,2,0,2,,,HIST-04,知乎创作中心-内容管理,阅读完整/收益待补,UNKNOWN,UNKNOWN,UNKNOWN,UNKNOWN,UNKNOWN,,否,未提取,RAW,已发布,L0,,知乎创作中心-内容管理,2026-07-27T17:59:00+03:00,
answer_2033320421248996304,我是底层人，我不想一辈子打工，不想当牛马，怎么改变？,回答,发布于 04-30,https://www.zhihu.com/answer/2033320421248996304,202,1,1,2,,,HIST-04,知乎创作中心-内容管理,阅读完整/收益待补,UNKNOWN,UNKNOWN,UNKNOWN,UNKNOWN,UNKNOWN,,否,未提取,RAW,已发布,L0,,知乎创作中心-内容管理,2026-07-27T17:59:00+03:00,
answer_2033255338913309239,为什么看似努力，却一事无成？,回答,发布于 04-30,https://www.zhihu.com/answer/2033255338913309239,38,1,0,1,,,HIST-04,知乎创作中心-内容管理,阅读完整/收益待补,UNKNOWN,UNKNOWN,UNKNOWN,UNKNOWN,UNKNOWN,,否,未提取,RAW,已发布,L0,,知乎创作中心-内容管理,2026-07-27T17:59:00+03:00,
answer_2033168129644303173,成功的核心标准有哪些？如何实现？,回答,发布于 04-30,https://www.zhihu.com/answer/2033168129644303173,69,4,2,10,,,HIST-05,知乎创作中心-内容管理,阅读完整/收益待补,UNKNOWN,UNKNOWN,UNKNOWN,UNKNOWN,UNKNOWN,,否,未提取,RAW,已发布,L0,,知乎创作中心-内容管理,2026-07-27T17:59:00+03:00,
answer_2032965845215863581,为什么越来越多人开始觉得：努力工作，已经很难改变命运了？,回答,发布于 04-29,https://www.zhihu.com/answer/2032965845215863581,34,1,0,0,,,HIST-05,知乎创作中心-内容管理,阅读完整/收益待补,UNKNOWN,UNKNOWN,UNKNOWN,UNKNOWN,UNKNOWN,,否,未提取,RAW,已发布,L0,,知乎创作中心-内容管理,2026-07-27T17:59:00+03:00,
answer_2032962198964790676,为什么大多数普通人很勤奋却不富裕呢？,回答,发布于 04-29,https://www.zhihu.com/answer/2032962198964790676,40,1,0,2,,,HIST-05,知乎创作中心-内容管理,阅读完整/收益待补,UNKNOWN,UNKNOWN,UNKNOWN,UNKNOWN,UNKNOWN,,否,未提取,RAW,已发布,L0,,知乎创作中心-内容管理,2026-07-27T17:59:00+03:00,
answer_2032561926249693500,当下的经济形势，你更倾向于创业还是打工？为什么？,回答,发布于 04-28,https://www.zhihu.com/answer/2032561926249693500,156,2,0,0,,,HIST-05,知乎创作中心-内容管理,阅读完整/收益待补,UNKNOWN,UNKNOWN,UNKNOWN,UNKNOWN,UNKNOWN,,否,未提取,RAW,已发布,L0,,知乎创作中心-内容管理,2026-07-27T17:59:00+03:00,
answer_2032551965536859426,现在普通人努力工作，真的能改变阶层、过上理想生活吗？,回答,发布于 04-28,https://www.zhihu.com/answer/2032551965536859426,46,2,0,0,,,HIST-05,知乎创作中心-内容管理,阅读完整/收益待补,UNKNOWN,UNKNOWN,UNKNOWN,UNKNOWN,UNKNOWN,,否,未提取,RAW,已发布,L0,,知乎创作中心-内容管理,2026-07-27T17:59:00+03:00,
answer_2031920655118151963,为什么有些人可以用5%的努力战胜别人的95%？,回答,发布于 04-26,https://www.zhihu.com/answer/2031920655118151963,70,1,0,0,,,HIST-05,知乎创作中心-内容管理,阅读完整/收益待补,UNKNOWN,UNKNOWN,UNKNOWN,UNKNOWN,UNKNOWN,,否,未提取,RAW,已发布,L0,,知乎创作中心-内容管理,2026-07-27T17:59:00+03:00,
answer_2031112293572940307,努力真的可以成功吗?,回答,发布于 04-24,https://www.zhihu.com/answer/2031112293572940307,26,1,0,0,,,HIST-05,知乎创作中心-内容管理,阅读完整/收益待补,UNKNOWN,UNKNOWN,UNKNOWN,UNKNOWN,UNKNOWN,,否,未提取,RAW,已发布,L0,,知乎创作中心-内容管理,2026-07-27T17:59:00+03:00,
answer_2031068072593896988,穷人为什么喜欢打工而不是创业呢？,回答,编辑于 04-24,https://www.zhihu.com/answer/2031068072593896988,61,2,0,0,,,HIST-05,知乎创作中心-内容管理,阅读完整/收益待补,UNKNOWN,UNKNOWN,UNKNOWN,UNKNOWN,UNKNOWN,,否,未提取,RAW,已发布,L0,,知乎创作中心-内容管理,2026-07-27T17:59:00+03:00,
answer_2031043465350468668,底层穷人为什么完不成原始资本积累？,回答,编辑于 07-19,https://www.zhihu.com/answer/2031043465350468668,16,0,0,0,,,HIST-05,知乎创作中心-内容管理,阅读完整/收益待补,UNKNOWN,UNKNOWN,UNKNOWN,UNKNOWN,UNKNOWN,,否,未提取,RAW,已发布,L0,,知乎创作中心-内容管理,2026-07-27T17:59:00+03:00,
answer_2031020673380905343,人一辈子，是努力重要还是运气重要？,回答,发布于 04-24,https://www.zhihu.com/answer/2031020673380905343,73,3,1,0,,,HIST-05,知乎创作中心-内容管理,阅读完整/收益待补,UNKNOWN,UNKNOWN,UNKNOWN,UNKNOWN,UNKNOWN,,否,未提取,RAW,已发布,L0,,知乎创作中心-内容管理,2026-07-27T17:59:00+03:00,
answer_2030703067474179564,努力可以改变命运嘛？,回答,发布于 04-23,https://www.zhihu.com/answer/2030703067474179564,8,0,0,0,,,HIST-05,知乎创作中心-内容管理,阅读完整/收益待补,UNKNOWN,UNKNOWN,UNKNOWN,UNKNOWN,UNKNOWN,,否,未提取,RAW,已发布,L0,,知乎创作中心-内容管理,2026-07-27T17:59:00+03:00,
answer_2030700555144798983,努力和吃苦能改变命运吗?,回答,编辑于 04-24,https://www.zhihu.com/answer/2030700555144798983,29,2,0,0,,,HIST-05,知乎创作中心-内容管理,阅读完整/收益待补,UNKNOWN,UNKNOWN,UNKNOWN,UNKNOWN,UNKNOWN,,否,未提取,RAW,已发布,L0,,知乎创作中心-内容管理,2026-07-27T17:59:00+03:00,
answer_2030107679599932685,为什么有些人稍微努力一点就成功了，有些人努力的一辈子都没成功，成功到底来源于什么?,回答,发布于 04-21,https://www.zhihu.com/answer/2030107679599932685,2,0,0,0,,,HIST-05,知乎创作中心-内容管理,阅读完整/收益待补,UNKNOWN,UNKNOWN,UNKNOWN,UNKNOWN,UNKNOWN,,否,未提取,RAW,已发布,L0,,知乎创作中心-内容管理,2026-07-27T17:59:00+03:00,
p_2030106915049575036,为什么很多人拼命努力，却一分钱没多赚？,文章,编辑于 04-21,https://zhuanlan.zhihu.com/p/2030106915049575036,3,0,0,0,,,HIST-05,知乎创作中心-内容管理,阅读完整/收益待补,UNKNOWN,UNKNOWN,UNKNOWN,UNKNOWN,UNKNOWN,,否,未提取,RAW,已发布,L0,,知乎创作中心-内容管理,2026-07-27T17:59:00+03:00,
answer_2029373249574774207,有哪些你看过三遍以上的电视剧，或者电影？,回答,发布于 04-19,https://www.zhihu.com/answer/2029373249574774207,49,2,0,1,,,HIST-05,知乎创作中心-内容管理,阅读完整/收益待补,UNKNOWN,UNKNOWN,UNKNOWN,UNKNOWN,UNKNOWN,,否,未提取,RAW,已发布,L0,,知乎创作中心-内容管理,2026-07-27T17:59:00+03:00,
p_2029370264471835284,刷了 3 遍这 4 部剧，我才明白：普通人逆袭，根本不靠努力，靠的是「道法术势」的闭环！,文章,编辑于 04-19,https://zhuanlan.zhihu.com/p/2029370264471835284,18,0,0,1,,,HIST-05,知乎创作中心-内容管理,阅读完整/收益待补,UNKNOWN,UNKNOWN,UNKNOWN,UNKNOWN,UNKNOWN,,否,未提取,RAW,已发布,L0,,知乎创作中心-内容管理,2026-07-27T17:59:00+03:00,
answer_2067141025638921938,提拔你当了部门负责人，第一件事该干啥？,回答,发布于 08-02,https://www.zhihu.com/answer/2067141025638921938,16,1,0,0,,,REVIEW-20260804,知乎创作中心内容管理,阅读完整/收益待补,UNKNOWN,UNKNOWN,UNKNOWN,UNKNOWN,UNKNOWN,,否,未提取,RAW,已发布,L0,,知乎创作中心内容管理,2026-08-04T12:09:55+03:00,Production ID：ZH-20260802-001；REVIEW_DAY补录
answer_2066924156592116539,职场中怎么改掉弱者气息？,回答,发布于 08-01,https://www.zhihu.com/answer/2066924156592116539,6,0,0,0,,,REVIEW-20260804,知乎创作中心内容管理,阅读完整/收益待补,UNKNOWN,UNKNOWN,UNKNOWN,UNKNOWN,UNKNOWN,,否,未提取,RAW,已发布,L0,,知乎创作中心内容管理,2026-08-04T12:09:55+03:00,Production ID：ZH-20260801-001；内容管理显示被折叠
answer_2066733997074523922,为什么老板明知你摸鱼却不拆穿？,回答,发布于 07-31,https://www.zhihu.com/answer/2066733997074523922,8,0,0,0,,,REVIEW-20260804,知乎创作中心内容管理,阅读完整/收益待补,UNKNOWN,UNKNOWN,UNKNOWN,UNKNOWN,UNKNOWN,,否,未提取,RAW,已发布,L0,,知乎创作中心内容管理,2026-08-04T12:09:55+03:00,Production ID：ZH-20260731-unknown_mofish；Trace BROKEN
answer_2066566025722832645,领导不声不响把你手里的任务拿走后，过了几个月，发现别人干不了，想还给你，你会怎么做呢？,回答,发布于 07-31,https://www.zhihu.com/answer/2066566025722832645,25,0,0,0,,,REVIEW-20260804,知乎创作中心内容管理,阅读完整/收益待补,UNKNOWN,UNKNOWN,UNKNOWN,UNKNOWN,UNKNOWN,,否,未提取,RAW,已发布,L0,,知乎创作中心内容管理,2026-08-04T12:09:55+03:00,Production ID：ZH-20260801-003；REVIEW_DAY补录
answer_2065858842207032462,领导布置任务故意模糊责任界限，作为底层员工，如何在谁都不得罪的提前下，保护好自己？,回答,发布于 07-29,https://www.zhihu.com/answer/2065858842207032462,61,1,0,0,,,REVIEW-20260804,知乎创作中心内容管理,阅读完整/收益待补,UNKNOWN,UNKNOWN,UNKNOWN,UNKNOWN,UNKNOWN,,否,未提取,RAW,已发布,L0,,知乎创作中心内容管理,2026-08-04T12:09:55+03:00,Production ID：zhihu-20260729-fuzzy-responsibility-boundary-001；LEGACY_RUN
answer_2065829100695113964,为什么工作中，很多高层领导明知道某位中层领导缺乏管理能力，但还是提拔了他当中层？,回答,发布于 07-29,https://www.zhihu.com/answer/2065829100695113964,20,0,0,0,,,REVIEW-20260804,知乎创作中心内容管理,阅读完整/收益待补,UNKNOWN,UNKNOWN,UNKNOWN,UNKNOWN,UNKNOWN,,否,未提取,RAW,已发布,L0,,知乎创作中心内容管理,2026-08-04T12:09:55+03:00,Production ID：zhihu-20260729-middle-manager-promotion-001；LEGACY_RUN
answer_2065823788911048364,公司高层明明不行，大老板为什么还不裁掉他们？,回答,发布于 07-29,https://www.zhihu.com/answer/2065823788911048364,242,4,0,2,,,REVIEW-20260804,知乎创作中心内容管理,阅读完整/收益待补,UNKNOWN,UNKNOWN,UNKNOWN,UNKNOWN,UNKNOWN,,否,未提取,RAW,已发布,L0,,知乎创作中心内容管理,2026-08-04T12:09:55+03:00,Production ID：zhihu-20260729-senior-leader-not-fired-001；LEGACY_RUN
answer_2067364159130448284,领导提拔下属时，哪些人是会被提前PASS掉的？,回答,发布于 08-02,https://www.zhihu.com/answer/2067364159130448284,274,3,0,0,,,REVIEW-20260804,知乎创作中心内容管理,阅读完整/收益待补,UNKNOWN,UNKNOWN,UNKNOWN,UNKNOWN,UNKNOWN,,否,未提取,RAW,已发布,L0,,知乎创作中心内容管理,2026-08-04T12:09:55+03:00,新采集未映射 Production ID
answer_2067298333178196355,作为一位空降的领导，如何才能迅速赢得团队的信任呢？,回答,发布于 08-02,https://www.zhihu.com/answer/2067298333178196355,27,0,0,2,,,REVIEW-20260804,知乎创作中心内容管理,阅读完整/收益待补,UNKNOWN,UNKNOWN,UNKNOWN,UNKNOWN,UNKNOWN,,否,未提取,RAW,已发布,L0,,知乎创作中心内容管理,2026-08-04T12:09:55+03:00,新采集未映射 Production ID
answer_2067269682923676093,我朋友去面试，公司规模不大，他侧面了解这个岗位，年年都在招聘，根本留不住人，他犹豫到底要不要去上班？,回答,发布于 08-02,https://www.zhihu.com/answer/2067269682923676093,29,1,0,0,,,REVIEW-20260804,知乎创作中心内容管理,阅读完整/收益待补,UNKNOWN,UNKNOWN,UNKNOWN,UNKNOWN,UNKNOWN,,否,未提取,RAW,已发布,L0,,知乎创作中心内容管理,2026-08-04T12:09:55+03:00,新采集未映射 Production ID
answer_2074171393848170265,领导说「你很有潜力」，到底是夸你还是在画饼？,回答,发布于昨天 11:29,https://www.zhihu.com/answer/2074171393848170265,40,0,0,0,,,REVIEW-20260822,知乎创作中心内容管理,阅读完整/收益待补,UNKNOWN,UNKNOWN,UNKNOWN,UNKNOWN,UNKNOWN,,否,未提取,RAW,已发布,L0,,知乎创作中心内容管理,2026-08-22T11:32:55+03:00,2026-08-22 增量采集；Production ID 未映射
answer_2074161499174655619,给大领导汇报工作，领导经常性抓到一个点就使劲往细节问，直到问答不上，该如何应对呢？这种现象正常吗？,回答,发布于昨天 10:50,https://www.zhihu.com/answer/2074161499174655619,44,0,0,0,,,REVIEW-20260822,知乎创作中心内容管理,阅读完整/收益待补,UNKNOWN,UNKNOWN,UNKNOWN,UNKNOWN,UNKNOWN,,否,未提取,RAW,已发布,L0,,知乎创作中心内容管理,2026-08-22T11:32:55+03:00,2026-08-22 增量采集；Production ID 未映射
answer_2074160600402473800,男老板是在试探吗？还是我想多了？,回答,发布于昨天 10:47,https://www.zhihu.com/answer/2074160600402473800,399,4,0,0,,,REVIEW-20260822,知乎创作中心内容管理,阅读完整/收益待补,UNKNOWN,UNKNOWN,UNKNOWN,UNKNOWN,UNKNOWN,,否,未提取,RAW,已发布,L0,,知乎创作中心内容管理,2026-08-22T11:32:55+03:00,2026-08-22 增量采集；Production ID 未映射
answer_2073805620902376183,很多人能力很强，但是为什么当不了领导？很多能力差为什么当了领导？,回答,发布于 08-20,https://www.zhihu.com/answer/2073805620902376183,111,0,0,0,,,REVIEW-20260822,知乎创作中心内容管理,阅读完整/收益待补,UNKNOWN,UNKNOWN,UNKNOWN,UNKNOWN,UNKNOWN,,否,未提取,RAW,已发布,L0,,知乎创作中心内容管理,2026-08-22T11:32:55+03:00,2026-08-22 增量采集；Production ID 未映射
answer_2073787181685019073,如果领导不重视你，还有必要继续为他出谋献策吗？,回答,发布于 08-20,https://www.zhihu.com/answer/2073787181685019073,345,1,0,0,,,REVIEW-20260822,知乎创作中心内容管理,阅读完整/收益待补,UNKNOWN,UNKNOWN,UNKNOWN,UNKNOWN,UNKNOWN,,否,未提取,RAW,已发布,L0,,知乎创作中心内容管理,2026-08-22T11:32:55+03:00,2026-08-22 增量采集；Production ID 未映射
answer_2073435663085597749,为什么说在职场里就算和领导关系再好，也不要说心里话？,回答,发布于 08-19,https://www.zhihu.com/answer/2073435663085597749,95,2,0,3,,,REVIEW-20260822,知乎创作中心内容管理,阅读完整/收益待补,UNKNOWN,UNKNOWN,UNKNOWN,UNKNOWN,UNKNOWN,,否,未提取,RAW,已发布,L0,,知乎创作中心内容管理,2026-08-22T11:32:55+03:00,2026-08-22 增量采集；Production ID 未映射
answer_2073432690196587901,为什么大领导看人都很准呢？,回答,发布于 08-19,https://www.zhihu.com/answer/2073432690196587901,378,2,0,3,,,REVIEW-20260822,知乎创作中心内容管理,阅读完整/收益待补,UNKNOWN,UNKNOWN,UNKNOWN,UNKNOWN,UNKNOWN,,否,未提取,RAW,已发布,L0,,知乎创作中心内容管理,2026-08-22T11:32:55+03:00,2026-08-22 增量采集；Production ID 未映射
answer_2073427373660361384,上海2026社保基数下限调整为7546元/月，平均工资首次突破12500元大关，哪些信息值得关注？,回答,发布于 08-19,https://www.zhihu.com/answer/2073427373660361384,1037,10,2,0,,,REVIEW-20260822,知乎创作中心内容管理,阅读完整/收益待补,UNKNOWN,UNKNOWN,UNKNOWN,UNKNOWN,UNKNOWN,,否,未提取,RAW,已发布,L0,,知乎创作中心内容管理,2026-08-22T11:32:55+03:00,2026-08-22 增量采集；Production ID 未映射
answer_2073425030852232498,在职场中为什么有很多「有能力」的人却不愿当领导？,回答,发布于 08-19,https://www.zhihu.com/answer/2073425030852232498,300,2,0,2,,,REVIEW-20260822,知乎创作中心内容管理,阅读完整/收益待补,UNKNOWN,UNKNOWN,UNKNOWN,UNKNOWN,UNKNOWN,,否,未提取,RAW,已发布,L0,,知乎创作中心内容管理,2026-08-22T11:32:55+03:00,2026-08-22 增量采集；Production ID 未映射
answer_2073421967865206081,职场中只会埋头干活不会拍马屁、不会来事，是不是永远得不到提拔和加薪？,回答,发布于 08-19,https://www.zhihu.com/answer/2073421967865206081,39,0,0,0,,,REVIEW-20260822,知乎创作中心内容管理,阅读完整/收益待补,UNKNOWN,UNKNOWN,UNKNOWN,UNKNOWN,UNKNOWN,,否,未提取,RAW,已发布,L0,,知乎创作中心内容管理,2026-08-22T11:32:55+03:00,2026-08-22 增量采集；Production ID 未映射
answer_2073175555583877483,什么性格的人适合当领导？,回答,发布于 08-18,https://www.zhihu.com/answer/2073175555583877483,1849,14,0,16,,,REVIEW-20260822,知乎创作中心内容管理,阅读完整/收益待补,UNKNOWN,UNKNOWN,UNKNOWN,UNKNOWN,UNKNOWN,,否,未提取,RAW,已发布,L0,,知乎创作中心内容管理,2026-08-22T11:32:55+03:00,2026-08-22 增量采集；Production ID 未映射
answer_2073168934128334061,为什么年轻人越来越不愿意奉承领导了？,回答,发布于 08-18,https://www.zhihu.com/answer/2073168934128334061,107,0,0,1,,,REVIEW-20260822,知乎创作中心内容管理,阅读完整/收益待补,UNKNOWN,UNKNOWN,UNKNOWN,UNKNOWN,UNKNOWN,,否,未提取,RAW,已发布,L0,,知乎创作中心内容管理,2026-08-22T11:32:55+03:00,2026-08-22 增量采集；Production ID 未映射
answer_2073162526121107666,体制内，为什么领导一眼就能看出你是老实人？,回答,发布于 08-18,https://www.zhihu.com/answer/2073162526121107666,2331,16,1,19,,,REVIEW-20260822,知乎创作中心内容管理,阅读完整/收益待补,UNKNOWN,UNKNOWN,UNKNOWN,UNKNOWN,UNKNOWN,,否,未提取,RAW,已发布,L0,,知乎创作中心内容管理,2026-08-22T11:32:55+03:00,2026-08-22 增量采集；Production ID 未映射
answer_2073155311888867810,一个领导值不值得跟随要怎么判定？,回答,发布于 08-18,https://www.zhihu.com/answer/2073155311888867810,296,3,0,5,,,REVIEW-20260822,知乎创作中心内容管理,阅读完整/收益待补,UNKNOWN,UNKNOWN,UNKNOWN,UNKNOWN,UNKNOWN,,否,未提取,RAW,已发布,L0,,知乎创作中心内容管理,2026-08-22T11:32:55+03:00,2026-08-22 增量采集；Production ID 未映射
answer_2073136610447837103,为什么职场上会出现提拔一批，躺平一批？,回答,发布于 08-18,https://www.zhihu.com/answer/2073136610447837103,915,6,0,4,,,REVIEW-20260822,知乎创作中心内容管理,阅读完整/收益待补,UNKNOWN,UNKNOWN,UNKNOWN,UNKNOWN,UNKNOWN,,否,未提取,RAW,已发布,L0,,知乎创作中心内容管理,2026-08-22T11:32:55+03:00,2026-08-22 增量采集；Production ID 未映射
answer_2072707525909206856,为什么有的领导身边能吸引很多人才，而有的领导却留不住核心骨干？,回答,发布于 08-17,https://www.zhihu.com/answer/2072707525909206856,1349,12,0,10,,,REVIEW-20260822,知乎创作中心内容管理,阅读完整/收益待补,UNKNOWN,UNKNOWN,UNKNOWN,UNKNOWN,UNKNOWN,,否,未提取,RAW,已发布,L0,,知乎创作中心内容管理,2026-08-22T11:32:55+03:00,2026-08-22 增量采集；Production ID 未映射
answer_2072702916264310647,如何看待胖东来招聘刑释人员的公告被质疑处理不当？,回答,发布于 08-17,https://www.zhihu.com/answer/2072702916264310647,180,5,0,0,,,REVIEW-20260822,知乎创作中心内容管理,阅读完整/收益待补,UNKNOWN,UNKNOWN,UNKNOWN,UNKNOWN,UNKNOWN,,否,未提取,RAW,已发布,L0,,知乎创作中心内容管理,2026-08-22T11:32:55+03:00,2026-08-22 增量采集；Production ID 未映射
answer_2072700856256946489,于东来称胖东来首批刑释职工30人无一离职，如何评价这一招聘计划的实际效果？其他企业能效仿吗？,回答,发布于 08-17,https://www.zhihu.com/answer/2072700856256946489,333,4,0,0,,,REVIEW-20260822,知乎创作中心内容管理,阅读完整/收益待补,UNKNOWN,UNKNOWN,UNKNOWN,UNKNOWN,UNKNOWN,,否,未提取,RAW,已发布,L0,,知乎创作中心内容管理,2026-08-22T11:32:55+03:00,2026-08-22 增量采集；Production ID 未映射
answer_2072695242105660190,怎么看一个人有没有领导力？,回答,发布于 08-17,https://www.zhihu.com/answer/2072695242105660190,361,1,0,0,,,REVIEW-20260822,知乎创作中心内容管理,阅读完整/收益待补,UNKNOWN,UNKNOWN,UNKNOWN,UNKNOWN,UNKNOWN,,否,未提取,RAW,已发布,L0,,知乎创作中心内容管理,2026-08-22T11:32:55+03:00,2026-08-22 增量采集；Production ID 未映射
answer_2070259249234587810,为什么很多企业推行“扁平化管理”后，效率反而下降了？,回答,发布于 08-10,https://www.zhihu.com/answer/2070259249234587810,10,0,0,0,,,REVIEW-20260822,知乎创作中心内容管理,阅读完整/收益待补,UNKNOWN,UNKNOWN,UNKNOWN,UNKNOWN,UNKNOWN,,否,未提取,RAW,已发布,L0,,知乎创作中心内容管理,2026-08-22T11:32:55+03:00,2026-08-22 增量采集；Production ID 未映射
answer_2070241617638864496,上面本意是好的，只是下面人执行出错了。这句话有道理吗？,回答,发布于 08-10,https://www.zhihu.com/answer/2070241617638864496,6,0,0,0,,,REVIEW-20260822,知乎创作中心内容管理,阅读完整/收益待补,UNKNOWN,UNKNOWN,UNKNOWN,UNKNOWN,UNKNOWN,,否,未提取,RAW,已发布,L0,,知乎创作中心内容管理,2026-08-22T11:32:55+03:00,2026-08-22 增量采集；Production ID 未映射
pin_2074580896850633938,备受瞩目 徽章佩戴留念，期待在知乎继续前行，探索无尽可能。,想法,发布于 19 小时前,https://www.zhihu.com/pin/2074580896850633938,30,0,0,,,,REVIEW-20260823,知乎创作中心内容管理,阅读完整/收益待补,UNKNOWN,UNKNOWN,UNKNOWN,UNKNOWN,UNKNOWN,,否,未提取,RAW,已发布,L0,,知乎创作中心内容管理,2026-08-23T10:08:01+03:00,2026-08-23 增量采集；想法无收藏字段；转发0；Production ID 未映射
answer_2074546696017666697,胖东来被涨租逼走，为啥它不直接涨入驻商户的租金来平摊？这一权衡背后有啥考量吗？,回答,发布于 21 小时前,https://www.zhihu.com/answer/2074546696017666697,132,1,1,2,10,75.76,REVIEW-20260823,知乎创作中心内容管理,阅读完整/收益已采,UNKNOWN,UNKNOWN,UNKNOWN,UNKNOWN,UNKNOWN,,否,未提取,RAW,已发布,L0,,知乎创作中心内容管理,2026-08-23T10:08:01+03:00,2026-08-23 增量采集；致知计划本期收益10盐粒；Production ID 未映射
answer_2074544374151697192,为什么很多年轻人在职场中渴望融洽的同事关系，却越来越倾向于远离群体活动？这种现象背后反映了什么？,回答,发布于 21 小时前,https://www.zhihu.com/answer/2074544374151697192,29,1,0,0,,,REVIEW-20260823,知乎创作中心内容管理,阅读完整/收益未列出,UNKNOWN,UNKNOWN,UNKNOWN,UNKNOWN,UNKNOWN,,否,未提取,RAW,已发布,L0,,知乎创作中心内容管理,2026-08-23T10:08:01+03:00,2026-08-23 增量采集；致知收益明细最近7天未列出；Production ID 未映射
answer_2074542713748321101,工作中发生紧急情况，领导正在午睡，要不要叫醒他？,回答,发布于 21 小时前,https://www.zhihu.com/answer/2074542713748321101,65,1,0,0,4,61.54,REVIEW-20260823,知乎创作中心内容管理,阅读完整/收益已采,UNKNOWN,UNKNOWN,UNKNOWN,UNKNOWN,UNKNOWN,,否,未提取,RAW,已发布,L0,,知乎创作中心内容管理,2026-08-23T10:08:01+03:00,2026-08-23 增量采集；致知计划本期收益4盐粒；Production ID 未映射
answer_2074538946114089128,教授张丹丹称「灵活就业是一种福利」，如何看待这一观点？,回答,发布于 22 小时前,https://www.zhihu.com/answer/2074538946114089128,84,1,0,0,,,REVIEW-20260823,知乎创作中心内容管理,阅读完整/收益未列出,UNKNOWN,UNKNOWN,UNKNOWN,UNKNOWN,UNKNOWN,,否,未提取,RAW,已发布,L0,,知乎创作中心内容管理,2026-08-23T10:08:01+03:00,2026-08-23 增量采集；致知收益明细最近7天未列出；Production ID 未映射
answer_2074537453193519378,领导说「你能干就干，不能干就滚」，你咋回？,回答,发布于 22 小时前,https://www.zhihu.com/answer/2074537453193519378,140,2,0,1,,,REVIEW-20260823,知乎创作中心内容管理,阅读完整/收益未列出,UNKNOWN,UNKNOWN,UNKNOWN,UNKNOWN,UNKNOWN,,否,未提取,RAW,已发布,L0,,知乎创作中心内容管理,2026-08-23T10:08:01+03:00,2026-08-23 增量采集；致知收益明细最近7天未列出；Production ID 未映射
answer_2074892737510380763,认知水平高的人有什么特征？,回答,发布于 08-23,https://www.zhihu.com/answer/2074892737510380763,204,4,0,3,36,176.47,REVIEW-20260825,知乎创作中心内容管理,阅读完整/收益已采,UNKNOWN,UNKNOWN,UNKNOWN,UNKNOWN,UNKNOWN,,否,未提取,RAW,已发布,L0,,知乎创作中心内容管理,2026-08-25T09:41:16+03:00,2026-08-25 增量采集；致知计划本期收益36盐粒；Production ID 未映射
answer_2074890614576105134,匿名举报同事后，整个部门被扣奖金并集体孤立我，我做错了吗？,回答,发布于 08-23,https://www.zhihu.com/answer/2074890614576105134,513,4,0,5,,,REVIEW-20260825,知乎创作中心内容管理,阅读完整/收益未列出,UNKNOWN,UNKNOWN,UNKNOWN,UNKNOWN,UNKNOWN,,否,未提取,RAW,已发布,L0,,知乎创作中心内容管理,2026-08-25T09:41:16+03:00,2026-08-25 增量采集；致知收益明细最近7天当前页未列出；Production ID 未映射
answer_2074886991645241672,为什么老一辈批判躺平，却对加班猝死视而不见？,回答,发布于 08-23,https://www.zhihu.com/answer/2074886991645241672,378,4,0,0,8,21.16,REVIEW-20260825,知乎创作中心内容管理,阅读完整/收益已采,UNKNOWN,UNKNOWN,UNKNOWN,UNKNOWN,UNKNOWN,,否,未提取,RAW,已发布,L0,,知乎创作中心内容管理,2026-08-25T09:41:16+03:00,2026-08-25 增量采集；致知计划本期收益8盐粒；Production ID 未映射
answer_2074885270286217411,既为心腹，为什么反而会被领导批得最多、最狠？,回答,发布于 08-23,https://www.zhihu.com/answer/2074885270286217411,369,6,0,3,17,46.07,REVIEW-20260825,知乎创作中心内容管理,阅读完整/收益已采,UNKNOWN,UNKNOWN,UNKNOWN,UNKNOWN,UNKNOWN,,否,未提取,RAW,已发布,L0,,知乎创作中心内容管理,2026-08-25T09:41:16+03:00,2026-08-25 增量采集；致知计划本期收益17盐粒；Production ID 未映射
answer_2074881863097884985,老板不敢放权，背后真正怕的是什么？,回答,发布于 08-23,https://www.zhihu.com/answer/2074881863097884985,183,1,0,1,21,114.75,REVIEW-20260825,知乎创作中心内容管理,阅读完整/收益已采,UNKNOWN,UNKNOWN,UNKNOWN,UNKNOWN,UNKNOWN,,否,未提取,RAW,已发布,L0,,知乎创作中心内容管理,2026-08-25T09:41:16+03:00,2026-08-25 增量采集；致知计划本期收益21盐粒；Production ID 未映射
answer_2075634250565562668,老罗罗永浩看问题非常能看到本质，为什么创业总是不成功？,回答,发布于 08-25,https://www.zhihu.com/answer/2075634250565562668,254,1,0,2,16,62.99,REVIEW-20260830,知乎创作中心内容管理,阅读完整/收益已采,UNKNOWN,UNKNOWN,UNKNOWN,UNKNOWN,UNKNOWN,,否,未提取,RAW,已发布,L0,,知乎创作中心内容管理,2026-08-30T11:10:21+03:00,2026-08-30 增量采集；致知计划本期收益16盐粒；Production ID 未映射
answer_2075628528083669533,冉莹颖为什么一定要创业？,回答,发布于 08-25,https://www.zhihu.com/answer/2075628528083669533,136,0,0,1,6,44.12,REVIEW-20260830,知乎创作中心内容管理,阅读完整/收益已采,UNKNOWN,UNKNOWN,UNKNOWN,UNKNOWN,UNKNOWN,,否,未提取,RAW,已发布,L0,,知乎创作中心内容管理,2026-08-30T11:10:21+03:00,2026-08-30 增量采集；致知计划本期收益6盐粒；Production ID 未映射
answer_2075620088980444389,劳务派遣以后是否会占据主流？,回答,发布于 08-25,https://www.zhihu.com/answer/2075620088980444389,650,7,1,4,55,84.62,REVIEW-20260830,知乎创作中心内容管理,阅读完整/收益已采,UNKNOWN,UNKNOWN,UNKNOWN,UNKNOWN,UNKNOWN,,否,未提取,RAW,已发布,L0,,知乎创作中心内容管理,2026-08-30T11:10:21+03:00,2026-08-30 增量采集；致知计划本期收益55盐粒；Production ID 未映射
answer_2075618885651510464,如果有一天，你的上级的上级，越过你的上级，直接向你安排一个很重要的事儿，你该怎么办？,回答,发布于 08-25,https://www.zhihu.com/answer/2075618885651510464,465,4,2,3,35,75.27,REVIEW-20260830,知乎创作中心内容管理,阅读完整/收益已采,UNKNOWN,UNKNOWN,UNKNOWN,UNKNOWN,UNKNOWN,,否,未提取,RAW,已发布,L0,,知乎创作中心内容管理,2026-08-30T11:10:21+03:00,2026-08-30 增量采集；致知计划本期收益35盐粒；Production ID 未映射
answer_2075615517361161807,为什么领导的心腹很少有异性？,回答,发布于 08-25,https://www.zhihu.com/answer/2075615517361161807,1088,10,0,6,88,80.88,REVIEW-20260830,知乎创作中心内容管理,阅读完整/收益已采,UNKNOWN,UNKNOWN,UNKNOWN,UNKNOWN,UNKNOWN,,否,未提取,RAW,已发布,L0,,知乎创作中心内容管理,2026-08-30T11:10:21+03:00,2026-08-30 增量采集；致知计划本期收益88盐粒；Production ID 未映射
