source_file,revenue_window_start,revenue_window_end,observation_time,content_title,content_type,published_date,period_reads,period_revenue,cumulative_reads,cumulative_revenue
zhihu_income_export.xlsx,2026-08-04,2026-08-10,2026-08-11T20:44:21,为什么很多中层永远无法晋升高层，从中层管理到高层管理，挑战在哪里？,回答,2026-08-08,293,27,293,27
zhihu_income_export.xlsx,2026-08-04,2026-08-10,2026-08-11T20:44:21,作为公司中层干部的你，发现老板非常喜欢绕过你，直接给基层的员工下达指令，遇到这样的情况你如何处理？,回答,2026-08-08,228,18,228,18
zhihu_income_export.xlsx,2026-08-04,2026-08-10,2026-08-11T20:44:21,如何判断领导是否把你当作自己人呢？,回答,2026-08-06,182,39,182,39
zhihu_income_export.xlsx,2026-08-04,2026-08-10,2026-08-11T20:44:21,跟领导汇报工作时，总被说抓不住重点，这该怎么办呀？,回答,2026-08-06,124,49,124,49
zhihu_income_export.xlsx,2026-08-04,2026-08-10,2026-08-11T20:44:21,作为一位空降的领导，如何才能迅速赢得团队的信任呢？,回答,2026-08-02,23,9,49,36
zhihu_income_export.xlsx,2026-08-04,2026-08-10,2026-08-11T20:44:21,为什么很多小康家庭，到了中年会返贫？原因是什么？怎么破局？,回答,2026-07-28,77,4,799,23
zhihu_income_export.xlsx,2026-08-04,2026-08-10,2026-08-11T20:44:21,为什么公司中层培养这么困难？培养中层的最大障碍到底是什么？,回答,2026-07-22,466,64,1615,246
zhihu_income_export.xlsx,2026-08-04,2026-08-10,2026-08-11T20:44:21,为什么很多人，做到经理或总监，就再也上不去了？,回答,2026-07-22,1526,407,10830,2684
zhihu_income_export.xlsx,2026-08-04,2026-08-10,2026-08-11T20:44:21,和领导相处有哪些红线不能碰？,回答,2026-07-22,50,42,715,99
zhihu_income_export.xlsx,2026-08-04,2026-08-10,2026-08-11T20:44:21,基层工作现在的难点是什么？,回答,2026-07-21,237,66,2768,654
zhihu_income_export.xlsx,2026-08-04,2026-08-10,2026-08-11T20:44:21,如何看待大力提拔选拔年轻干部?,回答,2026-07-20,68,12,936,72
zhihu_income_export.xlsx,2026-08-04,2026-08-10,2026-08-11T20:44:21,为什么说领导不是谁都可以当好的？,回答,2026-07-10,16,9,170,13
zhihu_income_export.xlsx,2026-08-04,2026-08-10,2026-08-11T20:44:21,怎么判断一个单位已经烂透了?,回答,2026-07-02,8,13,993,248
zhihu_income_export.xlsx,2026-08-04,2026-08-10,2026-08-11T20:44:21,什么样的员工容易被提拔为管理层？,回答,2026-06-28,98,29,1428,460
zhihu_income_export.xlsx,2026-08-04,2026-08-10,2026-08-11T20:44:21,作为管理者，有哪些事情不能对员工讲？,回答,2026-06-27,30,3,976,531
zhihu_income_export.xlsx,2026-08-04,2026-08-10,2026-08-11T20:44:21,职场中的人才，到底是「选拔」出来的还是「培养」出来的？,回答,2026-06-26,12,6,827,426
zhihu_income_export.xlsx,2026-08-04,2026-08-10,2026-08-11T20:44:21,一个单位的管理乱不乱，看哪里能看出来？,回答,2026-06-25,4,6,543,6
zhihu_income_export.xlsx,2026-08-04,2026-08-10,2026-08-11T20:44:21,如果哪天你失业了，到处都找不到工作你该怎么办？,回答,2026-06-24,70,6,934,97
zhihu_income_export.xlsx,2026-08-04,2026-08-10,2026-08-11T20:44:21,什么事情是你当了老板才知道的？,回答,2026-06-24,745,286,46045,17587
zhihu_income_export.xlsx,2026-08-04,2026-08-10,2026-08-11T20:44:21,中年失业出路在哪？,回答,2026-06-24,29,6,1101,143
zhihu_income_export.xlsx,2026-08-04,2026-08-10,2026-08-11T20:44:21,普通人怎么才能实现财务自由？,回答,2026-06-22,36,4,676,119
zhihu_income_export_2026-06-01_2026-06-30.csv,2026-06-01,2026-06-30,2026-08-11T20:49:41,你能接受老板只是将你当成了一个「工具人」，而不是有感情的对待你吗？,回答,2026-06-29,53,37,87,71
zhihu_income_export_2026-06-01_2026-06-30.csv,2026-06-01,2026-06-30,2026-08-11T20:49:41,为什么一个部门换领导后往往都容易面临整个部门大换血啊？,回答,2026-06-29,492,37,855,87
zhihu_income_export_2026-06-01_2026-06-30.csv,2026-06-01,2026-06-30,2026-08-11T20:49:41,刚上任的管理者，接手了一支人心涣散的团队，该怎样破局？,回答,2026-06-28,191,68,241,68
zhihu_income_export_2026-06-01_2026-06-30.csv,2026-06-01,2026-06-30,2026-08-11T20:49:41,到底是工作需要我，还是我需要工作？,回答,2026-06-28,35,21,51,21
zhihu_income_export_2026-06-01_2026-06-30.csv,2026-06-01,2026-06-30,2026-08-11T20:49:41,什么样的员工容易被提拔为管理层？,回答,2026-06-28,541,83,1428,460
zhihu_income_export_2026-06-01_2026-06-30.csv,2026-06-01,2026-06-30,2026-08-11T20:49:41,领导总说“年轻人不要太计较工资，要先成长”，这句话到底是善意提醒，还是职场 PUA？,回答,2026-06-27,100,26,131,26
zhihu_income_export_2026-06-01_2026-06-30.csv,2026-06-01,2026-06-30,2026-08-11T20:49:41,作为管理者，有哪些事情不能对员工讲？,回答,2026-06-27,389,43,976,531
zhihu_income_export_2026-06-01_2026-06-30.csv,2026-06-01,2026-06-30,2026-08-11T20:49:41,公司不景气，进行大裁员后，老板却提拔你，让你留下与公司共患难，许诺经营转好后分你股份，你会留下来吗？,回答,2026-06-27,74,16,83,16
zhihu_income_export_2026-06-01_2026-06-30.csv,2026-06-01,2026-06-30,2026-08-11T20:49:41,职场中的人才，到底是「选拔」出来的还是「培养」出来的？,回答,2026-06-26,353,251,827,426
zhihu_income_export_2026-06-01_2026-06-30.csv,2026-06-01,2026-06-30,2026-08-11T20:49:41,为什么你的建议明明是「对」的，但是老板就是不听？,回答,2026-06-26,81,58,85,58
zhihu_income_export_2026-06-01_2026-06-30.csv,2026-06-01,2026-06-30,2026-08-11T20:49:41,为什么很多人学习了大量的商业知识，别人的成功方法，成功案例，但是自己却还是失败的？,回答,2026-06-26,52,53,86,62
zhihu_income_export_2026-06-01_2026-06-30.csv,2026-06-01,2026-06-30,2026-08-11T20:49:41,为什么成功人士的精力都非常旺盛？,回答,2026-06-25,263,32,281,32
zhihu_income_export_2026-06-01_2026-06-30.csv,2026-06-01,2026-06-30,2026-08-11T20:49:41,在知乎上泡这么久，工作、生活、工资还是没有起色是什么原因？,回答,2026-06-24,217,138,254,150
zhihu_income_export_2026-06-01_2026-06-30.csv,2026-06-01,2026-06-30,2026-08-11T20:49:41,如果哪天你失业了，到处都找不到工作你该怎么办？,回答,2026-06-24,416,60,934,97
zhihu_income_export_2026-06-01_2026-06-30.csv,2026-06-01,2026-06-30,2026-08-11T20:49:41,销售那么挣钱，为什么大家不愿意做销售？,回答,2026-06-24,100,56,244,119
zhihu_income_export_2026-06-01_2026-06-30.csv,2026-06-01,2026-06-30,2026-08-11T20:49:41,什么事情是你当了老板才知道的？,回答,2026-06-24,33169,12647,46045,17587
zhihu_income_export_2026-06-01_2026-06-30.csv,2026-06-01,2026-06-30,2026-08-11T20:49:41,中年失业出路在哪？,回答,2026-06-24,682,63,1101,143
zhihu_income_export_2026-06-01_2026-06-30.csv,2026-06-01,2026-06-30,2026-08-11T20:49:41,如果读书不能改变阶层，我们努力的意义到底是什么？,回答,2026-06-23,38,16,48,16
zhihu_income_export_2026-06-01_2026-06-30.csv,2026-06-01,2026-06-30,2026-08-11T20:49:41,普通人怎么才能实现财务自由？,回答,2026-06-22,177,33,676,119
zhihu_income_export_2026-06-01_2026-06-30.csv,2026-06-01,2026-06-30,2026-08-11T20:49:41,管理的本质是决策还是协调？,回答,2026-06-22,163,35,178,35
zhihu_income_export_2026-06-01_2026-06-30.csv,2026-06-01,2026-06-30,2026-08-11T20:49:41,什么时候才会实现财富自由？,回答,2026-06-22,385,12,445,12
zhihu_income_export_2026-06-01_2026-06-30.csv,2026-06-01,2026-06-30,2026-08-11T20:49:41,为什么有的人完全不懂技术，却可以做到管理层？,回答,2026-06-22,144,32,146,32
zhihu_income_export_2026-06-01_2026-06-30.csv,2026-06-01,2026-06-30,2026-08-11T20:49:41,为什么现在的年轻人创业经常失败？,回答,2026-06-21,296,94,318,94
zhihu_income_export_2026-07-01_2026-07-30.csv,2026-07-01,2026-07-30,2026-08-11T20:58:21,什么事情是你当了老板才知道的？,回答,2026-06-24,11892,4607,46045,17587
zhihu_income_export_2026-07-01_2026-07-30.csv,2026-07-01,2026-07-30,2026-08-11T20:58:21,为什么很多人，做到经理或总监，就再也上不去了？,回答,2026-07-22,8136,1942,10830,2684
zhihu_income_export_2026-07-01_2026-07-30.csv,2026-07-01,2026-07-30,2026-08-11T20:58:21,基层工作现在的难点是什么？,回答,2026-07-21,2097,524,2768,654
zhihu_income_export_2026-07-01_2026-07-30.csv,2026-07-01,2026-07-30,2026-08-11T20:58:21,作为管理者，有哪些事情不能对员工讲？,回答,2026-06-27,504,441,976,531
zhihu_income_export_2026-07-01_2026-07-30.csv,2026-07-01,2026-07-30,2026-08-11T20:58:21,什么样的员工容易被提拔为管理层？,回答,2026-06-28,779,348,1428,460
zhihu_income_export_2026-07-01_2026-07-30.csv,2026-07-01,2026-07-30,2026-08-11T20:58:21,怎么判断一个单位已经烂透了?,回答,2026-07-02,973,235,993,248
zhihu_income_export_2026-07-01_2026-07-30.csv,2026-07-01,2026-07-30,2026-08-11T20:58:21,为什么公司中层培养这么困难？培养中层的最大障碍到底是什么？,回答,2026-07-22,982,182,1615,246
zhihu_income_export_2026-07-01_2026-07-30.csv,2026-07-01,2026-07-30,2026-08-11T20:58:21,职场中的人才，到底是「选拔」出来的还是「培养」出来的？,回答,2026-06-26,459,169,827,426
zhihu_income_export_2026-07-01_2026-07-30.csv,2026-07-01,2026-07-30,2026-08-11T20:58:21,什么才是真正的“解决问题的能力”?,回答,2026-07-17,499,156,521,156
zhihu_income_export_2026-07-01_2026-07-30.csv,2026-07-01,2026-07-30,2026-08-11T20:58:21,好领导一般都什么样？,回答,2026-07-01,444,132,461,132
zhihu_income_export_2026-07-01_2026-07-30.csv,2026-07-01,2026-07-30,2026-08-11T20:58:21,什么类型的人适合当领导？,回答,2026-07-19,512,125,624,133
zhihu_income_export_2026-07-01_2026-07-30.csv,2026-07-01,2026-07-30,2026-08-11T20:58:21,从厉害的领导身上，我们可以学到什么？,回答,2026-07-19,305,110,315,110
zhihu_income_export_2026-07-01_2026-07-30.csv,2026-07-01,2026-07-30,2026-08-11T20:58:21,领导提拔你的最根本的原因是什么？,回答,2026-07-16,517,110,556,110
zhihu_income_export_2026-07-01_2026-07-30.csv,2026-07-01,2026-07-30,2026-08-11T20:58:21,为什么越来越多的工厂开始涨薪留人了？,回答,2026-07-15,1047,87,1175,87
zhihu_income_export_2026-07-01_2026-07-30.csv,2026-07-01,2026-07-30,2026-08-11T20:58:21,中年失业出路在哪？,回答,2026-06-24,334,74,1101,143
zhihu_income_export_2026-07-01_2026-07-30.csv,2026-07-01,2026-07-30,2026-08-11T20:58:21,普通人怎么才能实现财务自由？,回答,2026-06-22,407,72,676,119
zhihu_income_export_2026-07-01_2026-07-30.csv,2026-07-01,2026-07-30,2026-08-11T20:58:21,为什么中建这种大央企也会发不出工资？,回答,2026-07-02,552,64,560,64
zhihu_income_export_2026-07-01_2026-07-30.csv,2026-07-01,2026-07-30,2026-08-11T20:58:21,现在就业大环境怎么样？,回答,2026-07-05,594,61,595,61
zhihu_income_export_2026-07-01_2026-07-30.csv,2026-07-01,2026-07-30,2026-08-11T20:58:21,如何看待大力提拔选拔年轻干部?,回答,2026-07-20,846,60,936,72
zhihu_income_export_2026-07-01_2026-07-30.csv,2026-07-01,2026-07-30,2026-08-11T20:58:21,下属做事主动性太低，推一下动一下，作为上级要怎么办，需要去提升哪方面的领导管理能力？,回答,2026-07-20,255,55,259,55
zhihu_income_export_2026-07-01_2026-07-30.csv,2026-07-01,2026-07-30,2026-08-11T20:58:21,为什么国企不把所有员工都按照劳务派遣的方式管理？,回答,2026-07-04,753,55,757,55
zhihu_income_export_2026-07-01_2026-07-30.csv,2026-07-01,2026-07-30,2026-08-11T20:58:21,为什么一个部门换领导后往往都容易面临整个部门大换血啊？,回答,2026-06-29,332,50,855,87
zhihu_income_export_2026-07-01_2026-07-30.csv,2026-07-01,2026-07-30,2026-08-11T20:58:21,和领导相处有哪些红线不能碰？,回答,2026-07-22,654,49,715,99
zhihu_income_export_2026-07-01_2026-07-30.csv,2026-07-01,2026-07-30,2026-08-11T20:58:21,销售那么挣钱，为什么大家不愿意做销售？,回答,2026-06-24,77,46,244,119
zhihu_income_export_2026-07-01_2026-07-30.csv,2026-07-01,2026-07-30,2026-08-11T20:58:21,职场上总说「屁股决定脑袋」，要站在老板的角度想问题，那怎样才算是站在老板的角度呢？,回答,2026-07-19,21,44,21,44
zhihu_income_export_2026-07-01_2026-07-30.csv,2026-07-01,2026-07-30,2026-08-11T20:58:21,为什么许多公司不愿意提拔能力很强的员工?,回答,2026-07-24,314,43,319,43
zhihu_income_export_2026-07-01_2026-07-30.csv,2026-07-01,2026-07-30,2026-08-11T20:58:21,什么事情是我当了老板才知道的？,文章,2026-06-26,133,43,664,47
zhihu_income_export_2026-07-01_2026-07-30.csv,2026-07-01,2026-07-30,2026-08-11T20:58:21,员工培养起来就跳槽怎么办？,回答,2026-07-24,631,42,703,42
zhihu_income_export_2026-07-01_2026-07-30.csv,2026-07-01,2026-07-30,2026-08-11T20:58:21,在职场久了我发现有些人能力一般般，领导却特别看重他，做任何事都会护着他，这是为什么呢？,回答,2026-07-22,277,38,294,47
zhihu_income_export_2026-07-01_2026-07-30.csv,2026-07-01,2026-07-30,2026-08-11T20:58:21,你是怎么发现职场都是一个草台班子的？？,回答,2026-07-02,99,38,297,38
zhihu_income_export_2026-07-01_2026-07-30.csv,2026-07-01,2026-07-30,2026-08-11T20:58:21,提拔人的底层逻辑是什么？,回答,2026-07-14,290,33,298,33
zhihu_income_export_2026-07-01_2026-07-30.csv,2026-07-01,2026-07-30,2026-08-11T20:58:21,站在领导的角度上看，打压员工是不是必要的？,回答,2026-07-05,226,33,233,33
zhihu_income_export_2026-07-01_2026-07-30.csv,2026-07-01,2026-07-30,2026-08-11T20:58:21,为什么领导明明很看好你，却突然提拔了别人？,回答,2026-07-17,279,32,284,32
zhihu_income_export_2026-07-01_2026-07-30.csv,2026-07-01,2026-07-30,2026-08-11T20:58:21,你能接受老板只是将你当成了一个「工具人」，而不是有感情的对待你吗？,回答,2026-06-29,28,31,87,71
zhihu_income_export_2026-07-01_2026-07-30.csv,2026-07-01,2026-07-30,2026-08-11T20:58:21,如果哪天你失业了，到处都找不到工作你该怎么办？,回答,2026-06-24,428,31,934,97
zhihu_income_export_2026-07-01_2026-07-30.csv,2026-07-01,2026-07-30,2026-08-11T20:58:21,如果领导的工作安排明显有问题，下属到底需要执行下去，还是拒绝执行？,回答,2026-07-27,118,28,133,28
zhihu_income_export_2026-07-01_2026-07-30.csv,2026-07-01,2026-07-30,2026-08-11T20:58:21,领导一般会如何看待那些不争不抢、闷声干活且业绩不错的员工？,回答,2026-07-28,106,27,116,36
zhihu_income_export_2026-07-01_2026-07-30.csv,2026-07-01,2026-07-30,2026-08-11T20:58:21,阶层为什么会固化？,回答,2026-07-16,78,26,83,26
zhihu_income_export_2026-07-01_2026-07-30.csv,2026-07-01,2026-07-30,2026-08-11T20:58:21,两名下属，一个来得早，一个能力强，要提一个做管理，怎么选？,回答,2026-07-27,99,24,135,24
zhihu_income_export_2026-07-01_2026-07-30.csv,2026-07-01,2026-07-30,2026-08-11T20:58:21,踏踏实实干活的人，为什么往往比不上会来事的人？,回答,2026-07-14,46,24,46,24
zhihu_income_export_2026-07-01_2026-07-30.csv,2026-07-01,2026-07-30,2026-08-11T20:58:21,是什么让好员工开始摆烂的？,回答,2026-07-20,373,22,398,22
zhihu_income_export_2026-07-01_2026-07-30.csv,2026-07-01,2026-07-30,2026-08-11T20:58:21,体制内你见到最狠的是什么样？,回答,2026-07-03,481,18,485,18
zhihu_income_export_2026-07-01_2026-07-30.csv,2026-07-01,2026-07-30,2026-08-11T20:58:21,为什么很多小康家庭，到了中年会返贫？原因是什么？怎么破局？,回答,2026-07-28,429,14,799,23
zhihu_income_export_2026-07-01_2026-07-30.csv,2026-07-01,2026-07-30,2026-08-11T20:58:21,曝拼多多请假已精准到分钟，反映了哪些问题？你怎么看待能精准到分的这一请假形式？,回答,2026-07-16,323,14,323,14
zhihu_income_export_2026-07-01_2026-07-30.csv,2026-07-01,2026-07-30,2026-08-11T20:58:21,在知乎上泡这么久，工作、生活、工资还是没有起色是什么原因？,回答,2026-06-24,34,12,254,150
zhihu_income_export_2026-07-01_2026-07-30.csv,2026-07-01,2026-07-30,2026-08-11T20:58:21,公司高层明明不行，大老板为什么还不裁掉他们？,回答,2026-07-29,39,9,265,31
zhihu_income_export_2026-07-01_2026-07-30.csv,2026-07-01,2026-07-30,2026-08-11T20:58:21,基层为什么越来越累？,回答,2026-07-20,92,9,175,9
zhihu_income_export_2026-07-01_2026-07-30.csv,2026-07-01,2026-07-30,2026-08-11T20:58:21,老板想提拔我当部门经理，但我觉得自己没有天赋，这事该怎么解决？,回答,2026-07-19,41,9,80,9
zhihu_income_export_2026-07-01_2026-07-30.csv,2026-07-01,2026-07-30,2026-08-11T20:58:21,从国企离职后在私企越混越迷茫，未来的路该怎么走？,回答,2026-07-19,50,9,73,9
zhihu_income_export_2026-07-01_2026-07-30.csv,2026-07-01,2026-07-30,2026-08-11T20:58:21,职场里最消耗人的不是加班，而是哪些看不见的 “隐性内耗”？,回答,2026-07-13,95,9,96,9
zhihu_income_export_2026-07-01_2026-07-30.csv,2026-07-01,2026-07-30,2026-08-11T20:58:21,为什么很多人学习了大量的商业知识，别人的成功方法，成功案例，但是自己却还是失败的？,回答,2026-06-26,30,9,86,62
zhihu_income_export_2026-07-01_2026-07-30.csv,2026-07-01,2026-07-30,2026-08-11T20:58:21,何一最被低估的能力是什么：营销、产品、管理还是识人？,回答,2026-07-24,44,8,47,8
zhihu_income_export_2026-07-01_2026-07-30.csv,2026-07-01,2026-07-30,2026-08-11T20:58:21,领导布置任务故意模糊责任界限，作为底层员工，如何在谁都不得罪的提前下，保护好自己？,回答,2026-07-29,57,4,64,4
zhihu_income_export_2026-07-01_2026-07-30.csv,2026-07-01,2026-07-30,2026-08-11T20:58:21,为什么说领导不是谁都可以当好的？,回答,2026-07-10,3,4,170,13
zhihu_income_export_2026-07-01_2026-07-30.csv,2026-07-01,2026-07-30,2026-08-11T20:58:21,老板真的在乎初创员工吗？,回答,2026-07-28,111,4,134,4
zhihu_income_export_2026-07-01_2026-07-30.csv,2026-07-01,2026-07-30,2026-08-11T20:58:21,为什么有的大公司一群聪明人，各种考核标准，事情做的一团糟？,回答,2026-07-23,127,4,177,4
zhihu_income_export_2026-07-01_2026-07-30.csv,2026-07-01,2026-07-30,2026-08-11T20:58:21,为什么越来越多人“一切向钱看”？真正被金钱替代的，不是道德，而是安全感,文章,2026-07-23,42,4,51,4
zhihu_income_export_2026-07-01_2026-07-30.csv,2026-07-01,2026-07-30,2026-08-11T20:58:21,为什么“工作逻辑”比能力更重要？,回答,2026-07-19,93,4,97,4
zhihu_income_export_2026-07-01_2026-07-30.csv,2026-07-01,2026-07-30,2026-08-11T20:58:21,什么叫裁员裁到大动脉？,回答,2026-07-16,212,4,686,4
zhihu_income_export_2026-07-01_2026-07-30.csv,2026-07-01,2026-07-30,2026-08-11T20:58:21,为什么工作认真、全面，领导、同事却认为工作没有重点，反而觉得做事少、处理眼前事的同事有能力？,回答,2026-07-12,19,4,47,4
zhihu_income_export_2026-07-01_2026-07-30.csv,2026-07-01,2026-07-30,2026-08-11T20:58:21,公司倒闭前有什么征兆？,回答,2026-07-05,261,4,1059,17
zhihu_income_export_30d.csv,2026-07-12,2026-08-10,2026-08-11T20:45:21,为什么很多中层永远无法晋升高层，从中层管理到高层管理，挑战在哪里？,回答,2026-08-08,293,27,293,27
zhihu_income_export_30d.csv,2026-07-12,2026-08-10,2026-08-11T20:45:21,作为公司中层干部的你，发现老板非常喜欢绕过你，直接给基层的员工下达指令，遇到这样的情况你如何处理？,回答,2026-08-08,228,18,228,18
zhihu_income_export_30d.csv,2026-07-12,2026-08-10,2026-08-11T20:45:21,如何判断领导是否把你当作自己人呢？,回答,2026-08-06,182,39,182,39
zhihu_income_export_30d.csv,2026-07-12,2026-08-10,2026-08-11T20:45:21,跟领导汇报工作时，总被说抓不住重点，这该怎么办呀？,回答,2026-08-06,124,49,124,49
zhihu_income_export_30d.csv,2026-07-12,2026-08-10,2026-08-11T20:45:21,领导提拔下属时，哪些人是会被提前PASS掉的？,回答,2026-08-02,364,17,364,17
zhihu_income_export_30d.csv,2026-07-12,2026-08-10,2026-08-11T20:45:21,作为一位空降的领导，如何才能迅速赢得团队的信任呢？,回答,2026-08-02,30,36,49,36
zhihu_income_export_30d.csv,2026-07-12,2026-08-10,2026-08-11T20:45:21,我朋友去面试，公司规模不大，他侧面了解这个岗位，年年都在招聘，根本留不住人，他犹豫到底要不要去上班？,回答,2026-08-02,31,4,31,4
zhihu_income_export_30d.csv,2026-07-12,2026-08-10,2026-08-11T20:45:21,领导布置任务故意模糊责任界限，作为底层员工，如何在谁都不得罪的提前下，保护好自己？,回答,2026-07-29,64,4,64,4
zhihu_income_export_30d.csv,2026-07-12,2026-08-10,2026-08-11T20:45:21,公司高层明明不行，大老板为什么还不裁掉他们？,回答,2026-07-29,147,31,265,31
zhihu_income_export_30d.csv,2026-07-12,2026-08-10,2026-08-11T20:45:21,老板真的在乎初创员工吗？,回答,2026-07-28,134,4,134,4
zhihu_income_export_30d.csv,2026-07-12,2026-08-10,2026-08-11T20:45:21,为什么很多小康家庭，到了中年会返贫？原因是什么？怎么破局？,回答,2026-07-28,668,23,799,23
zhihu_income_export_30d.csv,2026-07-12,2026-08-10,2026-08-11T20:45:21,领导一般会如何看待那些不争不抢、闷声干活且业绩不错的员工？,回答,2026-07-28,116,36,116,36
zhihu_income_export_30d.csv,2026-07-12,2026-08-10,2026-08-11T20:45:21,如果领导的工作安排明显有问题，下属到底需要执行下去，还是拒绝执行？,回答,2026-07-27,133,28,133,28
zhihu_income_export_30d.csv,2026-07-12,2026-08-10,2026-08-11T20:45:21,两名下属，一个来得早，一个能力强，要提一个做管理，怎么选？,回答,2026-07-27,135,24,135,24
zhihu_income_export_30d.csv,2026-07-12,2026-08-10,2026-08-11T20:45:21,员工培养起来就跳槽怎么办？,回答,2026-07-24,703,42,703,42
zhihu_income_export_30d.csv,2026-07-12,2026-08-10,2026-08-11T20:45:21,何一最被低估的能力是什么：营销、产品、管理还是识人？,回答,2026-07-24,47,8,47,8
zhihu_income_export_30d.csv,2026-07-12,2026-08-10,2026-08-11T20:45:21,为什么许多公司不愿意提拔能力很强的员工?,回答,2026-07-24,319,43,319,43
zhihu_income_export_30d.csv,2026-07-12,2026-08-10,2026-08-11T20:45:21,为什么有的大公司一群聪明人，各种考核标准，事情做的一团糟？,回答,2026-07-23,133,4,177,4
zhihu_income_export_30d.csv,2026-07-12,2026-08-10,2026-08-11T20:45:21,为什么越来越多人“一切向钱看”？真正被金钱替代的，不是道德，而是安全感,文章,2026-07-23,51,4,51,4
zhihu_income_export_30d.csv,2026-07-12,2026-08-10,2026-08-11T20:45:21,为什么公司中层培养这么困难？培养中层的最大障碍到底是什么？,回答,2026-07-22,1615,246,1615,246
zhihu_income_export_30d.csv,2026-07-12,2026-08-10,2026-08-11T20:45:21,为什么很多人，做到经理或总监，就再也上不去了？,回答,2026-07-22,10830,2684,10830,2684
zhihu_income_export_30d.csv,2026-07-12,2026-08-10,2026-08-11T20:45:21,在职场久了我发现有些人能力一般般，领导却特别看重他，做任何事都会护着他，这是为什么呢？,回答,2026-07-22,294,47,294,47
zhihu_income_export_30d.csv,2026-07-12,2026-08-10,2026-08-11T20:45:21,和领导相处有哪些红线不能碰？,回答,2026-07-22,715,99,715,99
zhihu_income_export_30d.csv,2026-07-12,2026-08-10,2026-08-11T20:45:21,基层工作现在的难点是什么？,回答,2026-07-21,2646,654,2768,654
zhihu_income_export_30d.csv,2026-07-12,2026-08-10,2026-08-11T20:45:21,下属做事主动性太低，推一下动一下，作为上级要怎么办，需要去提升哪方面的领导管理能力？,回答,2026-07-20,259,55,259,55
zhihu_income_export_30d.csv,2026-07-12,2026-08-10,2026-08-11T20:45:21,如何看待大力提拔选拔年轻干部?,回答,2026-07-20,936,72,936,72
zhihu_income_export_30d.csv,2026-07-12,2026-08-10,2026-08-11T20:45:21,基层为什么越来越累？,回答,2026-07-20,98,9,175,9
zhihu_income_export_30d.csv,2026-07-12,2026-08-10,2026-08-11T20:45:21,是什么让好员工开始摆烂的？,回答,2026-07-20,398,22,398,22
zhihu_income_export_30d.csv,2026-07-12,2026-08-10,2026-08-11T20:45:21,老板想提拔我当部门经理，但我觉得自己没有天赋，这事该怎么解决？,回答,2026-07-19,41,9,80,9
zhihu_income_export_30d.csv,2026-07-12,2026-08-10,2026-08-11T20:45:21,从厉害的领导身上，我们可以学到什么？,回答,2026-07-19,315,110,315,110
zhihu_income_export_30d.csv,2026-07-12,2026-08-10,2026-08-11T20:45:21,职场上总说「屁股决定脑袋」，要站在老板的角度想问题，那怎样才算是站在老板的角度呢？,回答,2026-07-19,21,44,21,44
zhihu_income_export_30d.csv,2026-07-12,2026-08-10,2026-08-11T20:45:21,为什么“工作逻辑”比能力更重要？,回答,2026-07-19,97,4,97,4
zhihu_income_export_30d.csv,2026-07-12,2026-08-10,2026-08-11T20:45:21,为什么很多大领导在职场上看人都很准呢？,回答,2026-07-19,22,9,226,9
zhihu_income_export_30d.csv,2026-07-12,2026-08-10,2026-08-11T20:45:21,什么类型的人适合当领导？,回答,2026-07-19,624,133,624,133
zhihu_income_export_30d.csv,2026-07-12,2026-08-10,2026-08-11T20:45:21,从国企离职后在私企越混越迷茫，未来的路该怎么走？,回答,2026-07-19,73,9,73,9
zhihu_income_export_30d.csv,2026-07-12,2026-08-10,2026-08-11T20:45:21,什么才是真正的“解决问题的能力”?,回答,2026-07-17,521,156,521,156
zhihu_income_export_30d.csv,2026-07-12,2026-08-10,2026-08-11T20:45:21,为什么领导明明很看好你，却突然提拔了别人？,回答,2026-07-17,284,32,284,32
zhihu_income_export_30d.csv,2026-07-12,2026-08-10,2026-08-11T20:45:21,阶层为什么会固化？,回答,2026-07-16,83,26,83,26
zhihu_income_export_30d.csv,2026-07-12,2026-08-10,2026-08-11T20:45:21,曝拼多多请假已精准到分钟，反映了哪些问题？你怎么看待能精准到分的这一请假形式？,回答,2026-07-16,323,14,323,14
zhihu_income_export_30d.csv,2026-07-12,2026-08-10,2026-08-11T20:45:21,什么叫裁员裁到大动脉？,回答,2026-07-16,240,4,686,4
zhihu_income_export_30d.csv,2026-07-12,2026-08-10,2026-08-11T20:45:21,领导提拔你的最根本的原因是什么？,回答,2026-07-16,556,110,556,110
zhihu_income_export_30d.csv,2026-07-12,2026-08-10,2026-08-11T20:45:21,为什么越来越多的工厂开始涨薪留人了？,回答,2026-07-15,1175,87,1175,87
zhihu_income_export_30d.csv,2026-07-12,2026-08-10,2026-08-11T20:45:21,提拔人的底层逻辑是什么？,回答,2026-07-14,298,33,298,33
zhihu_income_export_30d.csv,2026-07-12,2026-08-10,2026-08-11T20:45:21,踏踏实实干活的人，为什么往往比不上会来事的人？,回答,2026-07-14,46,24,46,24
zhihu_income_export_30d.csv,2026-07-12,2026-08-10,2026-08-11T20:45:21,职场里最消耗人的不是加班，而是哪些看不见的 “隐性内耗”？,回答,2026-07-13,96,9,96,9
zhihu_income_export_30d.csv,2026-07-12,2026-08-10,2026-08-11T20:45:21,为什么工作认真、全面，领导、同事却认为工作没有重点，反而觉得做事少、处理眼前事的同事有能力？,回答,2026-07-12,19,4,47,4
zhihu_income_export_30d.csv,2026-07-12,2026-08-10,2026-08-11T20:45:21,为什么说领导不是谁都可以当好的？,回答,2026-07-10,21,13,170,13
zhihu_income_export_30d.csv,2026-07-12,2026-08-10,2026-08-11T20:45:21,公司倒闭前有什么征兆？,回答,2026-07-05,294,13,1059,17
zhihu_income_export_30d.csv,2026-07-12,2026-08-10,2026-08-11T20:45:21,怎么判断一个单位已经烂透了?,回答,2026-07-02,117,49,993,248
zhihu_income_export_30d.csv,2026-07-12,2026-08-10,2026-08-11T20:45:21,为什么中建这种大央企也会发不出工资？,回答,2026-07-02,148,18,560,64
zhihu_income_export_30d.csv,2026-07-12,2026-08-10,2026-08-11T20:45:21,你是怎么发现职场都是一个草台班子的？？,回答,2026-07-02,60,34,297,38
zhihu_income_export_30d.csv,2026-07-12,2026-08-10,2026-08-11T20:45:21,好领导一般都什么样？,回答,2026-07-01,61,41,461,132
zhihu_income_export_30d.csv,2026-07-12,2026-08-10,2026-08-11T20:45:21,你能接受老板只是将你当成了一个「工具人」，而不是有感情的对待你吗？,回答,2026-06-29,17,7,87,71
zhihu_income_export_30d.csv,2026-07-12,2026-08-10,2026-08-11T20:45:21,什么样的员工容易被提拔为管理层？,回答,2026-06-28,427,248,1428,460
zhihu_income_export_30d.csv,2026-07-12,2026-08-10,2026-08-11T20:45:21,作为管理者，有哪些事情不能对员工讲？,回答,2026-06-27,448,312,976,531
zhihu_income_export_30d.csv,2026-07-12,2026-08-10,2026-08-11T20:45:21,什么事情是我当了老板才知道的？,文章,2026-06-26,103,35,664,47
zhihu_income_export_30d.csv,2026-07-12,2026-08-10,2026-08-11T20:45:21,职场中的人才，到底是「选拔」出来的还是「培养」出来的？,回答,2026-06-26,87,28,827,426
zhihu_income_export_30d.csv,2026-07-12,2026-08-10,2026-08-11T20:45:21,为什么很多人学习了大量的商业知识，别人的成功方法，成功案例，但是自己却还是失败的？,回答,2026-06-26,22,9,86,62
zhihu_income_export_30d.csv,2026-07-12,2026-08-10,2026-08-11T20:45:21,一个单位的管理乱不乱，看哪里能看出来？,回答,2026-06-25,4,6,543,6
zhihu_income_export_30d.csv,2026-07-12,2026-08-10,2026-08-11T20:45:21,在知乎上泡这么久，工作、生活、工资还是没有起色是什么原因？,回答,2026-06-24,25,12,254,150
zhihu_income_export_30d.csv,2026-07-12,2026-08-10,2026-08-11T20:45:21,如果哪天你失业了，到处都找不到工作你该怎么办？,回答,2026-06-24,370,19,934,97
zhihu_income_export_30d.csv,2026-07-12,2026-08-10,2026-08-11T20:45:21,销售那么挣钱，为什么大家不愿意做销售？,回答,2026-06-24,31,41,244,119
zhihu_income_export_30d.csv,2026-07-12,2026-08-10,2026-08-11T20:45:21,什么事情是你当了老板才知道的？,回答,2026-06-24,5093,1923,46045,17587
zhihu_income_export_30d.csv,2026-07-12,2026-08-10,2026-08-11T20:45:21,中年失业出路在哪？,回答,2026-06-24,273,52,1101,143
zhihu_income_export_30d.csv,2026-07-12,2026-08-10,2026-08-11T20:45:21,普通人怎么才能实现财务自由？,回答,2026-06-22,367,44,676,119
