collected_at,data_window,production_id,article_id,title,answer_url,published_display,views,likes,comments,favorites,thanks,interaction_source,fold_status,earnings,earnings_source,earnings_collected_at,earnings_window,earnings_match_status,notes
2026-08-04T12:09:55+03:00,REVIEW_DAY,ZH-20260802-001,answer_2067141025638921938,提拔你当了部门负责人，第一件事该干啥？,https://www.zhihu.com/answer/2067141025638921938,发布于 08-02,16,1,0,0,0,知乎创作中心内容管理,否,UNKNOWN,未采集,,,NOT_COLLECTED,收益字段当前页面不可见
2026-08-04T12:09:55+03:00,REVIEW_DAY,ZH-20260801-001,answer_2066924156592116539,职场中怎么改掉弱者气息？,https://www.zhihu.com/answer/2066924156592116539,发布于 08-01,6,0,0,0,0,知乎创作中心内容管理,是,UNKNOWN,未采集,,,NOT_COLLECTED,内容管理显示“被折叠”
2026-08-04T12:09:55+03:00,REVIEW_DAY,ZH-20260731-unknown_mofish,answer_2066733997074523922,为什么老板明知你摸鱼却不拆穿？,https://www.zhihu.com/answer/2066733997074523922,发布于 07-31,8,0,0,0,0,知乎创作中心内容管理,否,UNKNOWN,未采集,,,NOT_COLLECTED,Trace BROKEN；不用于变量归因
2026-08-04T12:09:55+03:00,REVIEW_DAY,ZH-20260801-003,answer_2066566025722832645,领导不声不响把你手里的任务拿走后，过了几个月，发现别人干不了，想还给你，你会怎么做呢？,https://www.zhihu.com/answer/2066566025722832645,发布于 07-31,25,0,0,0,0,知乎创作中心内容管理,否,UNKNOWN,未采集,,,NOT_COLLECTED,本地生产链完整
2026-08-04T12:09:55+03:00,REVIEW_DAY,zhihu-20260729-fuzzy-responsibility-boundary-001,answer_2065858842207032462,领导布置任务故意模糊责任界限，作为底层员工，如何在谁都不得罪的提前下，保护好自己？,https://www.zhihu.com/answer/2065858842207032462,发布于 07-29,61,1,0,0,0,知乎创作中心内容管理,否,UNKNOWN,未采集,,,NOT_COLLECTED,旧流程 LEGACY_RUN
2026-08-04T12:09:55+03:00,REVIEW_DAY,zhihu-20260729-middle-manager-promotion-001,answer_2065829100695113964,为什么工作中，很多高层领导明知道某位中层领导缺乏管理能力，但还是提拔了他当中层？,https://www.zhihu.com/answer/2065829100695113964,发布于 07-29,20,0,0,0,0,知乎创作中心内容管理,否,UNKNOWN,未采集,,,NOT_COLLECTED,旧流程 LEGACY_RUN
2026-08-04T12:09:55+03:00,REVIEW_DAY,zhihu-20260729-senior-leader-not-fired-001,answer_2065823788911048364,公司高层明明不行，大老板为什么还不裁掉他们？,https://www.zhihu.com/answer/2065823788911048364,发布于 07-29,242,4,0,2,0,知乎创作中心内容管理,否,UNKNOWN,未采集,,,NOT_COLLECTED,旧流程 LEGACY_RUN；本批相对表现最好
2026-08-04T12:09:55+03:00,REVIEW_DAY,UNKNOWN,answer_2067364159130448284,领导提拔下属时，哪些人是会被提前PASS掉的？,https://www.zhihu.com/answer/2067364159130448284,发布于 08-02,274,3,0,0,0,知乎创作中心内容管理,否,UNKNOWN,未采集,,,NOT_COLLECTED,新采集未映射 Production ID
2026-08-04T12:09:55+03:00,REVIEW_DAY,UNKNOWN,answer_2067298333178196355,作为一位空降的领导，如何才能迅速赢得团队的信任呢？,https://www.zhihu.com/answer/2067298333178196355,发布于 08-02,27,0,0,2,0,知乎创作中心内容管理,否,UNKNOWN,未采集,,,NOT_COLLECTED,新采集未映射 Production ID
2026-08-04T12:09:55+03:00,REVIEW_DAY,UNKNOWN,answer_2067269682923676093,我朋友去面试，公司规模不大，他侧面了解这个岗位，年年都在招聘，根本留不住人，他犹豫到底要不要去上班？,https://www.zhihu.com/answer/2067269682923676093,发布于 08-02,29,1,0,0,0,知乎创作中心内容管理,否,UNKNOWN,未采集,,,NOT_COLLECTED,新采集未映射 Production ID
2026-08-08T15:01:59+03:00,REVIEW_DAY,UNKNOWN,answer_2068803220621861489,如何判断领导是否把你当作自己人呢？,https://www.zhihu.com/answer/2068803220621861489,发布于 08-06,107,1,0,1,0,知乎创作中心内容管理,否,22,致知计划内容收益明细,2026-08-08T15:01:59+03:00,最近7天,MATCH_BY_ARTICLE_ID,新流程映射缺失；内容管理累计阅读107，致知计划累计阅读98
2026-08-08T15:01:59+03:00,REVIEW_DAY,UNKNOWN,answer_2068793379685717155,跟领导汇报工作时，总被说抓不住重点，这该怎么办呀？,https://www.zhihu.com/answer/2068793379685717155,发布于 08-06,86,1,0,1,0,知乎创作中心内容管理,否,13,致知计划内容收益明细,2026-08-08T15:01:59+03:00,最近7天,MATCH_BY_ARTICLE_ID,新流程映射缺失；内容管理累计阅读86，致知计划累计阅读85
2026-08-08T15:01:59+03:00,REVIEW_DAY,UNKNOWN,answer_2068390478618399357,现在失业后，就业有多难？,https://www.zhihu.com/answer/2068390478618399357,发布于 08-05,348,3,1,1,0,知乎创作中心内容管理,否,UNKNOWN,致知计划内容收益明细,2026-08-08T15:01:59+03:00,最近7天,UNMATCHED,新流程映射缺失；未出现在最近7天内容收益明细三页
2026-08-08T15:01:59+03:00,REVIEW_DAY,ZH-20260804-003,answer_2068122609598911600,为什么有任务的时候，领导从来不分配给他提拔的人，却分给业务能力过硬的普通员工？,https://www.zhihu.com/answer/2068122609598911600,发布于 08-04,146,0,0,1,0,知乎创作中心内容管理,否,UNKNOWN,致知计划内容收益明细,2026-08-08T15:01:59+03:00,最近7天,UNMATCHED,新流程样本；已补映射；未出现在最近7天内容收益明细三页
2026-08-08T15:01:59+03:00,REVIEW_DAY,UNKNOWN,answer_2067364159130448284,领导提拔下属时，哪些人是会被提前PASS掉的？,https://www.zhihu.com/answer/2067364159130448284,发布于 08-02,357,3,0,0,0,知乎创作中心内容管理,否,17,致知计划内容收益明细,2026-08-08T15:01:59+03:00,最近7天,MATCH_BY_ARTICLE_ID,新流程映射缺失；内容管理累计阅读357，致知计划累计阅读351
2026-08-08T15:01:59+03:00,REVIEW_DAY,UNKNOWN,answer_2067298333178196355,作为一位空降的领导，如何才能迅速赢得团队的信任呢？,https://www.zhihu.com/answer/2067298333178196355,发布于 08-02,47,0,0,2,0,知乎创作中心内容管理,否,27,致知计划内容收益明细,2026-08-08T15:01:59+03:00,最近7天,MATCH_BY_ARTICLE_ID,新流程映射缺失；内容管理累计阅读47，致知计划累计阅读42
2026-08-08T15:01:59+03:00,REVIEW_DAY,UNKNOWN,answer_2067269682923676093,我朋友去面试，公司规模不大，他侧面了解这个岗位，年年都在招聘，根本留不住人，他犹豫到底要不要去上班？,https://www.zhihu.com/answer/2067269682923676093,发布于 08-02,30,1,0,0,0,知乎创作中心内容管理,否,4,致知计划内容收益明细,2026-08-08T15:01:59+03:00,最近7天,MATCH_BY_ARTICLE_ID,新流程映射缺失；内容管理累计阅读30，致知计划累计阅读30
2026-08-08T15:01:59+03:00,REVIEW_DAY,ZH-20260802-001,answer_2067141025638921938,提拔你当了部门负责人，第一件事该干啥？,https://www.zhihu.com/answer/2067141025638921938,发布于 08-02,18,1,0,0,0,知乎创作中心内容管理,否,UNKNOWN,致知计划内容收益明细,2026-08-08T15:01:59+03:00,最近7天,UNMATCHED,新流程样本；已映射；缺正式QA/审计；未出现在最近7天内容收益明细三页
2026-08-08T15:01:59+03:00,REVIEW_DAY,ZH-20260801-001,answer_2066924156592116539,职场中怎么改掉弱者气息？,https://www.zhihu.com/answer/2066924156592116539,发布于 08-01,6,0,0,0,0,知乎创作中心内容管理,是,UNKNOWN,致知计划内容收益明细,2026-08-08T15:01:59+03:00,最近7天,UNMATCHED,折叠样本；未出现在最近7天内容收益明细三页；不做正文失败归因
